LIMIT_BAL,SEX,EDUCATION,MARRIAGE,AGE,PAY_0,PAY_2,PAY_3,PAY_4,PAY_5,PAY_6,BILL_AMT1,BILL_AMT2,BILL_AMT3,BILL_AMT4,BILL_AMT5,BILL_AMT6,PAY_AMT1,PAY_AMT2,PAY_AMT3,PAY_AMT4,PAY_AMT5,PAY_AMT6
0.15189873417721517,0.0,0.16666666666666666,0.6666666666666666,0.11111111111111116,0.30000000000000004,0.4444444444444444,0.4,0.4,0.0,0.1,0.11825001530475295,0.11765296145731488,0.16688097002669028,0.07056387575436136,0.13079773727708552,0.39981673328247797,0.00810770272297196,0.0,0.00415267111370434,0.003949545802232743,0.008251067459305128,0.0
