LIMIT_BAL,SEX,EDUCATION,MARRIAGE,AGE,PAY_0,PAY_2,PAY_3,PAY_4,PAY_5,PAY_6,BILL_AMT1,BILL_AMT2,BILL_AMT3,BILL_AMT4,BILL_AMT5,BILL_AMT6,PAY_AMT1,PAY_AMT2,PAY_AMT3,PAY_AMT4,PAY_AMT5,PAY_AMT6
0.24050632911392406,0.0,0.5,0.6666666666666666,0.09259259259259262,0.4,0.2222222222222222,0.2,0.2,0.2,0.2,0.13824665610769524,0.1121661606545567,0.13263424771267615,0.11541504108160586,0.16916500818619426,0.4166575853555362,0.010217732356625412,0.011434443663911623,0.03947928658161576,0.037513185983611884,0.036086180106217676,0.03472614622057001
