LIMIT_BAL,SEX,EDUCATION,MARRIAGE,AGE,PAY_0,PAY_2,PAY_3,PAY_4,PAY_5,PAY_6,BILL_AMT1,BILL_AMT2,BILL_AMT3,BILL_AMT4,BILL_AMT5,BILL_AMT6,PAY_AMT1,PAY_AMT2,PAY_AMT3,PAY_AMT4,PAY_AMT5,PAY_AMT6
0.1139240506329114,1.0,0.16666666666666666,0.6666666666666666,0.018518518518518545,0.30000000000000004,0.4444444444444444,0.2,0.2,0.2,0.2,0.14018996730276884,0.13581536561519067,0.1980493167326633,0.1888420440720831,0.25803831988575276,0.4901728495748188,0.0,0.0027708009733660834,0.008936127713034656,0.0074991375991760945,0.009018968178503417,0.007930607187112764
