LIMIT_BAL,SEX,EDUCATION,MARRIAGE,AGE,PAY_0,PAY_2,PAY_3,PAY_4,PAY_5,PAY_6,BILL_AMT1,BILL_AMT2,BILL_AMT3,BILL_AMT4,BILL_AMT5,BILL_AMT6,PAY_AMT1,PAY_AMT2,PAY_AMT3,PAY_AMT4,PAY_AMT5,PAY_AMT6
0.012658227848101266,0.0,0.3333333333333333,0.6666666666666666,0.018518518518518545,0.30000000000000004,0.4444444444444444,0.4,0.2,0.2,0.2,0.04831435805587255,0.06375881232954253,0.1037883001919652,0.10201033182910531,0.16203109119845233,0.42047407959446964,0.0026350033849658868,0.0008964356090302034,0.0034167547138073684,0.0016223134339550952,0.004375487990599659,0.0021338289962825278
