LIMIT_BAL,SEX,EDUCATION,MARRIAGE,AGE,PAY_0,PAY_2,PAY_3,PAY_4,PAY_5,PAY_6,BILL_AMT1,BILL_AMT2,BILL_AMT3,BILL_AMT4,BILL_AMT5,BILL_AMT6,PAY_AMT1,PAY_AMT2,PAY_AMT3,PAY_AMT4,PAY_AMT5,PAY_AMT6
0.05063291139240507,0.0,0.3333333333333333,0.6666666666666666,0.16666666666666674,0.30000000000000004,0.3333333333333333,0.1,0.4,0.4,0.2,0.045605024354178667,0.03732311017341636,0.15351933434460313,0.14749824706495748,0.20933945092041584,0.45405735404575337,0.00025336571009287374,0.04237695606324598,0.005256545713549798,0.0,0.005153696102001953,0.009169764560099132
