LIMIT_BAL,SEX,EDUCATION,MARRIAGE,AGE,PAY_0,PAY_2,PAY_3,PAY_4,PAY_5,PAY_6,BILL_AMT1,BILL_AMT2,BILL_AMT3,BILL_AMT4,BILL_AMT5,BILL_AMT6,PAY_AMT1,PAY_AMT2,PAY_AMT3,PAY_AMT4,PAY_AMT5,PAY_AMT6
0.18987341772151897,1.0,0.16666666666666666,0.6666666666666666,0.09259259259259262,0.30000000000000004,0.4444444444444444,0.2,0.2,0.4,0.2,0.1815724495610283,0.16880178047650904,0.24208081685068145,0.2322234407867532,0.29716865520926267,0.5170183770583816,0.0,0.005294674683517483,0.021028811127055964,0.0,0.010307392204003906,0.00942007434944238
