LIMIT_BAL,SEX,EDUCATION,MARRIAGE,AGE,PAY_0,PAY_2,PAY_3,PAY_4,PAY_5,PAY_6,BILL_AMT1,BILL_AMT2,BILL_AMT3,BILL_AMT4,BILL_AMT5,BILL_AMT6,PAY_AMT1,PAY_AMT2,PAY_AMT3,PAY_AMT4,PAY_AMT5,PAY_AMT6
0.27848101265822783,1.0,0.16666666666666666,0.6666666666666666,0.20370370370370372,0.30000000000000004,0.4444444444444444,0.4,0.4,0.2,0.2,0.34660320819016194,0.3136082951680132,0.42768128166063923,0.38710648855648044,0.47932209814936455,0.6618799368643814,0.020269256807429897,0.006191925234010441,0.0,0.019997700264469585,0.043806416867016605,0.0
