LIMIT_BAL,SEX,EDUCATION,MARRIAGE,AGE,PAY_0,PAY_2,PAY_3,PAY_4,PAY_5,PAY_6,BILL_AMT1,BILL_AMT2,BILL_AMT3,BILL_AMT4,BILL_AMT5,BILL_AMT6,PAY_AMT1,PAY_AMT2,PAY_AMT3,PAY_AMT4,PAY_AMT5,PAY_AMT6
0.025316455696202535,1.0,0.5,0.3333333333333333,0.8518518518518519,0.30000000000000004,0.4444444444444444,0.2,0.2,0.2,0.2,0.07227296772502304,0.07904337981783564,0.12418975998573879,0.12011500452466994,0.17952438374787177,0.43221767961368684,0.0,0.0014668946329585146,0.0031539274281298787,0.00270718867330257,0.003092217661201172,0.0030978934324659233
