LIMIT_BAL,SEX,EDUCATION,MARRIAGE,AGE,PAY_0,PAY_2,PAY_3,PAY_4,PAY_5,PAY_6,BILL_AMT1,BILL_AMT2,BILL_AMT3,BILL_AMT4,BILL_AMT5,BILL_AMT6,PAY_AMT1,PAY_AMT2,PAY_AMT3,PAY_AMT4,PAY_AMT5,PAY_AMT6
0.05063291139240507,0.0,0.5,0.6666666666666666,0.462962962962963,0.30000000000000004,0.4444444444444444,0.2,0.2,0.2,0.2,0.1012907793180202,0.10486157567025164,0.15752865035100083,0.15033440606964996,0.21444887795217693,0.45499946683915293,0.0,0.0016298829255094608,0.004993718427872308,0.005016923053848807,0.005153696102001953,0.00498636926889715
