LIMIT_BAL,SEX,EDUCATION,MARRIAGE,AGE,PAY_0,PAY_2,PAY_3,PAY_4,PAY_5,PAY_6,BILL_AMT1,BILL_AMT2,BILL_AMT3,BILL_AMT4,BILL_AMT5,BILL_AMT6,PAY_AMT1,PAY_AMT2,PAY_AMT3,PAY_AMT4,PAY_AMT5,PAY_AMT6
0.012658227848101266,0.0,0.3333333333333333,0.6666666666666666,0.018518518518518545,0.2,0.2222222222222222,0.4,0.4,0.4,0.2,0.05345047617403152,0.06847758966706119,0.1072875797035186,0.10756428926724318,0.1661143844994984,0.4223758819124889,0.006080777042228969,0.0,0.007884818570324697,0.0,0.0025768480510009765,0.0009913258983890955
