LIMIT_BAL,SEX,EDUCATION,MARRIAGE,AGE,PAY_0,PAY_2,PAY_3,PAY_4,PAY_5,PAY_6,BILL_AMT1,BILL_AMT2,BILL_AMT3,BILL_AMT4,BILL_AMT5,BILL_AMT6,PAY_AMT1,PAY_AMT2,PAY_AMT3,PAY_AMT4,PAY_AMT5,PAY_AMT6
0.16455696202531644,1.0,0.16666666666666666,0.6666666666666666,0.40740740740740744,0.30000000000000004,0.4444444444444444,0.2,0.2,0.2,0.2,0.25565687214801813,0.22614238666186387,0.31068155070901676,0.2808471620431132,0.36070071208452203,0.5642036979098922,6.08077704222897e-06,0.0040747073137736515,0.013141364283874494,0.012748533918599361,0.02628385012020996,0.012391573729863693
