LIMIT_BAL,SEX,EDUCATION,MARRIAGE,AGE,PAY_0,PAY_2,PAY_3,PAY_4,PAY_5,PAY_6,BILL_AMT1,BILL_AMT2,BILL_AMT3,BILL_AMT4,BILL_AMT5,BILL_AMT6,PAY_AMT1,PAY_AMT2,PAY_AMT3,PAY_AMT4,PAY_AMT5,PAY_AMT6
0.025316455696202535,0.0,0.16666666666666666,0.6666666666666666,0.14814814814814814,0.30000000000000004,0.0,0.1,0.2,0.2,0.4,0.024029246990457682,0.04290382339319714,0.11247542663975083,0.10976819306856522,0.17306529674545676,0.4275012567362822,0.0,0.01794093630254539,0.002628272856774899,0.005749338826035006,0.003092217661201172,0.0
