LIMIT_BAL,SEX,EDUCATION,MARRIAGE,AGE,PAY_0,PAY_2,PAY_3,PAY_4,PAY_5,PAY_6,BILL_AMT1,BILL_AMT2,BILL_AMT3,BILL_AMT4,BILL_AMT5,BILL_AMT6,PAY_AMT1,PAY_AMT2,PAY_AMT3,PAY_AMT4,PAY_AMT5,PAY_AMT6
0.05063291139240507,0.0,0.3333333333333333,0.3333333333333333,0.38888888888888884,0.30000000000000004,0.4444444444444444,0.2,0.2,0.2,0.2,0.10279613912098917,0.10601296763237791,0.15654489063926225,0.1337459472741111,0.16466015039068246,0.41517879636888166,0.0,0.0032597658510189215,0.005256545713549798,0.002499712533058698,0.0013425378345715089,0.0017348203221809171
