LIMIT_BAL,SEX,EDUCATION,MARRIAGE,AGE,PAY_0,PAY_2,PAY_3,PAY_4,PAY_5,PAY_6,BILL_AMT1,BILL_AMT2,BILL_AMT3,BILL_AMT4,BILL_AMT5,BILL_AMT6,PAY_AMT1,PAY_AMT2,PAY_AMT3,PAY_AMT4,PAY_AMT5,PAY_AMT6
0.1139240506329114,0.0,1.0,0.6666666666666666,0.5555555555555556,0.4,0.2222222222222222,0.2,0.2,0.2,0.2,0.18360366497817307,0.1688969793649977,0.23937052583277074,0.2272223320927947,0.2898321258288318,0.5118695665929616,0.00837931076419152,0.0032206486608066945,0.00949069328581416,0.008244051934027587,0.008763860221454322,0.008463444857496902
