LIMIT_BAL,SEX,EDUCATION,MARRIAGE,AGE,PAY_0,PAY_2,PAY_3,PAY_4,PAY_5,PAY_6,BILL_AMT1,BILL_AMT2,BILL_AMT3,BILL_AMT4,BILL_AMT5,BILL_AMT6,PAY_AMT1,PAY_AMT2,PAY_AMT3,PAY_AMT4,PAY_AMT5,PAY_AMT6
0.025316455696202535,0.0,0.5,0.3333333333333333,0.5740740740740741,0.30000000000000004,0.4444444444444444,0.4,0.1,0.2,0.2,0.030303410840788185,0.04614830443060773,0.0761373896365206,0.07870977987930218,0.1372404845704127,0.40086665002736105,0.0,0.0,0.005043655612151031,0.004999425066117396,0.0028345328561010744,0.0004981412639405205
