LIMIT_BAL,SEX,EDUCATION,MARRIAGE,AGE,PAY_0,PAY_2,PAY_3,PAY_4,PAY_5,PAY_6,BILL_AMT1,BILL_AMT2,BILL_AMT3,BILL_AMT4,BILL_AMT5,BILL_AMT6,PAY_AMT1,PAY_AMT2,PAY_AMT3,PAY_AMT4,PAY_AMT5,PAY_AMT6
0.0759493670886076,1.0,0.16666666666666666,0.6666666666666666,0.14814814814814814,0.2,0.2222222222222222,0.4,0.4,0.4,0.4,0.13585126605625555,0.14148870478052797,0.19969001665458974,0.19387911040793943,0.2588504034274174,0.4923535360281977,0.013331090202246643,0.0,0.015286034935002812,0.0,0.013822212945569238,0.0
