LIMIT_BAL,SEX,EDUCATION,MARRIAGE,AGE,PAY_0,PAY_2,PAY_3,PAY_4,PAY_5,PAY_6,BILL_AMT1,BILL_AMT2,BILL_AMT3,BILL_AMT4,BILL_AMT5,BILL_AMT6,PAY_AMT1,PAY_AMT2,PAY_AMT3,PAY_AMT4,PAY_AMT5,PAY_AMT6
0.16455696202531644,1.0,0.16666666666666666,0.3333333333333333,0.2962962962962963,0.2,0.2222222222222222,0.4,0.4,0.4,0.4,0.21926295449229818,0.2144985334225287,0.3001094350149132,0.2821041812744587,0.3540896657875903,0.5601797982425611,0.02229618248817289,0.004889648776528382,0.014981155283616923,0.0,0.01417266428050537,0.012391573729863693
