LIMIT_BAL,SEX,EDUCATION,MARRIAGE,AGE,PAY_0,PAY_2,PAY_3,PAY_4,PAY_5,PAY_6,BILL_AMT1,BILL_AMT2,BILL_AMT3,BILL_AMT4,BILL_AMT5,BILL_AMT6,PAY_AMT1,PAY_AMT2,PAY_AMT3,PAY_AMT4,PAY_AMT5,PAY_AMT6
0.24050632911392406,0.0,0.3333333333333333,0.3333333333333333,0.20370370370370372,0.30000000000000004,0.4444444444444444,0.2,0.2,0.2,0.2,0.23535256656782674,0.16987727062213762,0.19830681088540025,0.15744652799002773,0.21547827962470956,0.4524121720035481,0.0006911816571333595,0.006539090297143956,0.013141364283874494,0.019997700264469585,0.004692440300872778,0.012391573729863693
