LIMIT_BAL,SEX,EDUCATION,MARRIAGE,AGE,PAY_0,PAY_2,PAY_3,PAY_4,PAY_5,PAY_6,BILL_AMT1,BILL_AMT2,BILL_AMT3,BILL_AMT4,BILL_AMT5,BILL_AMT6,PAY_AMT1,PAY_AMT2,PAY_AMT3,PAY_AMT4,PAY_AMT5,PAY_AMT6
0.012658227848101266,0.0,0.5,0.6666666666666666,0.05555555555555558,0.30000000000000004,0.4444444444444444,0.2,0.2,0.2,0.2,0.056151961284469046,0.06776102506046416,0.1075054593712191,0.1051371484391387,0.1642304160416728,0.42072132561363296,8.107702722971959e-06,0.0013365039989177577,0.004176325569415314,0.002499712533058698,0.0025794248990519777,0.0024882280049566296
