LIMIT_BAL,SEX,EDUCATION,MARRIAGE,AGE,PAY_0,PAY_2,PAY_3,PAY_4,PAY_5,PAY_6,BILL_AMT1,BILL_AMT2,BILL_AMT3,BILL_AMT4,BILL_AMT5,BILL_AMT6,PAY_AMT1,PAY_AMT2,PAY_AMT3,PAY_AMT4,PAY_AMT5,PAY_AMT6
0.12658227848101264,1.0,0.3333333333333333,0.6666666666666666,0.11111111111111116,0.30000000000000004,0.4444444444444444,0.2,0.2,0.2,0.2,0.11755306040118858,0.11270133278443886,0.16770297059119668,0.14395492110294072,0.20852573340784242,0.4534058432085268,0.0,0.0018173194619430487,0.0055193729992272875,0.005024422191447983,0.0055402233096520995,0.002973977695167286
