LIMIT_BAL,SEX,EDUCATION,MARRIAGE,AGE,PAY_0,PAY_2,PAY_3,PAY_4,PAY_5,PAY_6,BILL_AMT1,BILL_AMT2,BILL_AMT3,BILL_AMT4,BILL_AMT5,BILL_AMT6,PAY_AMT1,PAY_AMT2,PAY_AMT3,PAY_AMT4,PAY_AMT5,PAY_AMT6
0.1772151898734177,1.0,0.16666666666666666,0.6666666666666666,0.12962962962962965,0.2,0.2222222222222222,0.1,0.6000000000000001,0.5,0.4,0.03812845632337451,0.04290382339319714,0.07809665604228187,0.07760558062602255,0.134338552236416,0.3984574660681203,0.0,0.000967335516289865,0.0,0.0,0.0,0.0014448574969021066
