LIMIT_BAL,SEX,EDUCATION,MARRIAGE,AGE,PAY_0,PAY_2,PAY_3,PAY_4,PAY_5,PAY_6,BILL_AMT1,BILL_AMT2,BILL_AMT3,BILL_AMT4,BILL_AMT5,BILL_AMT6,PAY_AMT1,PAY_AMT2,PAY_AMT3,PAY_AMT4,PAY_AMT5,PAY_AMT6
0.26582278481012656,0.0,0.16666666666666666,0.3333333333333333,0.5,0.4,0.1111111111111111,0.1,0.1,0.2,0.1,0.02635243000233888,0.05474193382390779,0.11969681714118768,0.09532221043610627,0.14496753299804252,0.42139744387456773,0.01865177011419699,0.021506305202097335,0.03418594504807111,0.0,0.05158334428493755,0.03633457249070632
