LIMIT_BAL,SEX,EDUCATION,MARRIAGE,AGE,PAY_0,PAY_2,PAY_3,PAY_4,PAY_5,PAY_6,BILL_AMT1,BILL_AMT2,BILL_AMT3,BILL_AMT4,BILL_AMT5,BILL_AMT6,PAY_AMT1,PAY_AMT2,PAY_AMT3,PAY_AMT4,PAY_AMT5,PAY_AMT6
0.20253164556962022,0.0,0.3333333333333333,0.3333333333333333,0.2777777777777778,0.30000000000000004,0.4444444444444444,0.2,0.2,0.2,0.2,0.2735422419030008,0.22234343642258017,0.3070056566183425,0.285521655489833,0.36399152949480884,0.573644746139271,1.4188479765200929e-05,0.005307713746921559,0.017209930666162037,0.0132484764252111,0.028347905409061742,0.0
