LIMIT_BAL,SEX,EDUCATION,MARRIAGE,AGE,PAY_0,PAY_2,PAY_3,PAY_4,PAY_5,PAY_6,BILL_AMT1,BILL_AMT2,BILL_AMT3,BILL_AMT4,BILL_AMT5,BILL_AMT6,PAY_AMT1,PAY_AMT2,PAY_AMT3,PAY_AMT4,PAY_AMT5,PAY_AMT6
0.36708860759493667,0.0,0.3333333333333333,0.3333333333333333,0.5555555555555556,0.30000000000000004,0.4444444444444444,0.2,0.2,0.2,0.4,0.3352023445311801,0.291897802706736,0.40365344588248697,0.38164841816340356,0.4836962382721738,0.6535075538931874,0.0,0.006519531702037843,0.02365445571097409,0.03874554426240982,0.018037936357006835,0.024783147459727387
