LIMIT_BAL,SEX,EDUCATION,MARRIAGE,AGE,PAY_0,PAY_2,PAY_3,PAY_4,PAY_5,PAY_6,BILL_AMT1,BILL_AMT2,BILL_AMT3,BILL_AMT4,BILL_AMT5,BILL_AMT6,PAY_AMT1,PAY_AMT2,PAY_AMT3,PAY_AMT4,PAY_AMT5,PAY_AMT6
0.012658227848101266,1.0,0.3333333333333333,1.0,0.4814814814814815,0.30000000000000004,0.4444444444444444,0.2,0.2,0.2,0.2,0.03866686968356049,0.05391859208562755,0.09193531614834966,0.09068517286636342,0.14929592193540586,0.41012724381621296,0.00202692568074299,0.0009445171553327325,0.0013141364283874495,0.0010798758142813575,0.001546108830600586,0.0
