LIMIT_BAL,SEX,EDUCATION,MARRIAGE,AGE,PAY_0,PAY_2,PAY_3,PAY_4,PAY_5,PAY_6,BILL_AMT1,BILL_AMT2,BILL_AMT3,BILL_AMT4,BILL_AMT5,BILL_AMT6,PAY_AMT1,PAY_AMT2,PAY_AMT3,PAY_AMT4,PAY_AMT5,PAY_AMT6
0.0759493670886076,0.0,0.3333333333333333,0.6666666666666666,0.12962962962962965,0.30000000000000004,0.4444444444444444,0.2,0.2,0.2,0.2,0.07921269211389248,0.0771213914475377,0.1137595961963492,0.11052779825365719,0.17343620814175026,0.43008620800772435,4.6619290657088765e-05,0.0013340591745294936,0.002628272856774899,0.004999425066117396,0.0077485820893599365,0.007469640644361834
