LIMIT_BAL,SEX,EDUCATION,MARRIAGE,AGE,PAY_0,PAY_2,PAY_3,PAY_4,PAY_5,PAY_6,BILL_AMT1,BILL_AMT2,BILL_AMT3,BILL_AMT4,BILL_AMT5,BILL_AMT6,PAY_AMT1,PAY_AMT2,PAY_AMT3,PAY_AMT4,PAY_AMT5,PAY_AMT6
0.06329113924050633,1.0,0.5,0.3333333333333333,0.16666666666666674,0.30000000000000004,0.4444444444444444,0.2,0.2,0.2,0.2,0.04826883622658569,0.06360443575361499,0.10504275888478623,0.1034216692735957,0.16549674349597882,0.42308012294337594,0.002432310816891588,0.0016298829255094608,0.003942409285162349,0.004999425066117396,0.005153696102001953,0.0032218091697645604
