LIMIT_BAL,SEX,EDUCATION,MARRIAGE,AGE,PAY_0,PAY_2,PAY_3,PAY_4,PAY_5,PAY_6,BILL_AMT1,BILL_AMT2,BILL_AMT3,BILL_AMT4,BILL_AMT5,BILL_AMT6,PAY_AMT1,PAY_AMT2,PAY_AMT3,PAY_AMT4,PAY_AMT5,PAY_AMT6
0.18987341772151897,1.0,0.5,0.3333333333333333,0.37037037037037035,0.30000000000000004,0.4444444444444444,0.4,0.4,0.2,0.2,0.0947560422379787,0.10210338084701281,0.1540260696323611,0.144954243900685,0.20979696277487475,0.45656965482815226,0.00405385136148598,0.0017928712180604069,0.0,0.004999425066117396,0.010049707398903809,0.004956629491945477
