LIMIT_BAL,SEX,EDUCATION,MARRIAGE,AGE,PAY_0,PAY_2,PAY_3,PAY_4,PAY_5,PAY_6,BILL_AMT1,BILL_AMT2,BILL_AMT3,BILL_AMT4,BILL_AMT5,BILL_AMT6,PAY_AMT1,PAY_AMT2,PAY_AMT3,PAY_AMT4,PAY_AMT5,PAY_AMT6
0.16455696202531644,0.0,0.3333333333333333,0.3333333333333333,0.37037037037037035,0.2,0.2222222222222222,0.4,0.4,0.4,0.4,0.11445600629143075,0.12096176606802861,0.18189485985550619,0.16939045804042838,0.24304500282676966,0.4813059745652981,0.00810770272297196,0.0040747073137736515,0.0,0.014998275198352189,0.012884240255004883,0.0
