LIMIT_BAL,SEX,EDUCATION,MARRIAGE,AGE,PAY_0,PAY_2,PAY_3,PAY_4,PAY_5,PAY_6,BILL_AMT1,BILL_AMT2,BILL_AMT3,BILL_AMT4,BILL_AMT5,BILL_AMT6,PAY_AMT1,PAY_AMT2,PAY_AMT3,PAY_AMT4,PAY_AMT5,PAY_AMT6
0.025316455696202535,1.0,0.5,0.3333333333333333,0.37037037037037035,0.30000000000000004,0.4444444444444444,0.2,0.2,0.2,0.2,0.06804571647435002,0.07296480214068853,0.11384212637350849,0.11035999592480059,0.17388064822893895,0.4279945769925275,2.635003384965887e-05,0.001632327749897725,0.005277571896403997,0.01249856266529349,0.0025897322912559815,0.007474597273853779
