LIMIT_BAL,SEX,EDUCATION,MARRIAGE,AGE,PAY_0,PAY_2,PAY_3,PAY_4,PAY_5,PAY_6,BILL_AMT1,BILL_AMT2,BILL_AMT3,BILL_AMT4,BILL_AMT5,BILL_AMT6,PAY_AMT1,PAY_AMT2,PAY_AMT3,PAY_AMT4,PAY_AMT5,PAY_AMT6
0.10126582278481013,0.0,0.5,0.3333333333333333,0.4444444444444444,0.4,0.2222222222222222,0.2,0.1,0.1,0.0,0.08317780041660322,0.07849277003036073,0.10590932574495865,0.07837567345666804,0.13289085401123518,0.4013259886032474,0.0030789001090486016,0.004103230264970067,0.017609428140391823,0.0,0.0074548214115458256,0.0007534076827757126
