LIMIT_BAL,SEX,EDUCATION,MARRIAGE,AGE,PAY_0,PAY_2,PAY_3,PAY_4,PAY_5,PAY_6,BILL_AMT1,BILL_AMT2,BILL_AMT3,BILL_AMT4,BILL_AMT5,BILL_AMT6,PAY_AMT1,PAY_AMT2,PAY_AMT3,PAY_AMT4,PAY_AMT5,PAY_AMT6
0.12658227848101264,1.0,0.3333333333333333,0.3333333333333333,0.2222222222222222,0.2,0.2222222222222222,0.4,0.4,0.4,0.4,0.15726693215834692,0.15975917254155303,0.22914173567564983,0.21636012776948754,0.2822292591902694,0.5116375537408556,0.016823483150166817,0.0034227541435698674,0.009198954998712146,0.0,0.018810990772307128,0.009417596034696408
