LIMIT_BAL,SEX,EDUCATION,MARRIAGE,AGE,PAY_0,PAY_2,PAY_3,PAY_4,PAY_5,PAY_6,BILL_AMT1,BILL_AMT2,BILL_AMT3,BILL_AMT4,BILL_AMT5,BILL_AMT6,PAY_AMT1,PAY_AMT2,PAY_AMT3,PAY_AMT4,PAY_AMT5,PAY_AMT6
0.012658227848101266,0.0,0.5,0.3333333333333333,0.6296296296296295,0.30000000000000004,0.4444444444444444,0.2,0.2,0.2,0.2,0.054513175430142044,0.06838882313590285,0.10921053283132978,0.105260003715623,0.158024594530119,0.4064759708507489,0.00202692568074299,0.0011409180478566224,0.0010329112327125353,0.000769911460182079,0.0025768480510009765,0.0
