LIMIT_BAL,SEX,EDUCATION,MARRIAGE,AGE,PAY_0,PAY_2,PAY_3,PAY_4,PAY_5,PAY_6,BILL_AMT1,BILL_AMT2,BILL_AMT3,BILL_AMT4,BILL_AMT5,BILL_AMT6,PAY_AMT1,PAY_AMT2,PAY_AMT3,PAY_AMT4,PAY_AMT5,PAY_AMT6
0.06329113924050633,1.0,0.3333333333333333,0.3333333333333333,0.18518518518518523,0.2,0.2222222222222222,0.2,0.5,0.4,0.4,0.09780600480019841,0.10624453249626925,0.1714630454625734,0.16009990231507285,0.22311382568144758,0.46672431834506867,0.006080777042228969,0.008149414627547303,0.0,0.0,0.011338131424404298,0.005452292441140025
