LIMIT_BAL,SEX,EDUCATION,MARRIAGE,AGE,PAY_0,PAY_2,PAY_3,PAY_4,PAY_5,PAY_6,BILL_AMT1,BILL_AMT2,BILL_AMT3,BILL_AMT4,BILL_AMT5,BILL_AMT6,PAY_AMT1,PAY_AMT2,PAY_AMT3,PAY_AMT4,PAY_AMT5,PAY_AMT6
0.0759493670886076,1.0,0.16666666666666666,0.6666666666666666,0.07407407407407407,0.2,0.2222222222222222,0.4,0.4,0.4,0.2,0.08213550749775923,0.09433695260639119,0.14061491584397834,0.13814926017151796,0.19678728639915294,0.4451752458691752,0.00790501015489766,0.0,0.009198954998712146,0.0,0.005153696102001953,0.004493184634448575
