LIMIT_BAL,SEX,EDUCATION,MARRIAGE,AGE,PAY_0,PAY_2,PAY_3,PAY_4,PAY_5,PAY_6,BILL_AMT1,BILL_AMT2,BILL_AMT3,BILL_AMT4,BILL_AMT5,BILL_AMT6,PAY_AMT1,PAY_AMT2,PAY_AMT3,PAY_AMT4,PAY_AMT5,PAY_AMT6
0.025316455696202535,1.0,0.3333333333333333,0.6666666666666666,0.5555555555555556,0.30000000000000004,0.4444444444444444,0.4,0.2,0.2,0.2,0.06387183564422022,0.07696958781454227,0.11865858751252396,0.11473484235570497,0.1762090567739532,0.4298706001047573,0.0036484662253373815,0.0,0.0024390372110871064,0.0023997240317363503,0.0030432575482321534,0.002396530359355638
