LIMIT_BAL,SEX,EDUCATION,MARRIAGE,AGE,PAY_0,PAY_2,PAY_3,PAY_4,PAY_5,PAY_6,BILL_AMT1,BILL_AMT2,BILL_AMT3,BILL_AMT4,BILL_AMT5,BILL_AMT6,PAY_AMT1,PAY_AMT2,PAY_AMT3,PAY_AMT4,PAY_AMT5,PAY_AMT6
0.10126582278481013,1.0,0.3333333333333333,0.3333333333333333,0.2592592592592593,0.2,0.2222222222222222,0.2,0.4,0.4,0.4,0.08211353144224143,0.09189522976380385,0.14405972543860662,0.1382766101532395,0.20183625650728915,0.4487620708201654,0.00405385136148598,0.0032597658510189215,0.003942409285162349,0.0037495687995880472,0.005153696102001953,0.004956629491945477
