LIMIT_BAL,SEX,EDUCATION,MARRIAGE,AGE,PAY_0,PAY_2,PAY_3,PAY_4,PAY_5,PAY_6,BILL_AMT1,BILL_AMT2,BILL_AMT3,BILL_AMT4,BILL_AMT5,BILL_AMT6,PAY_AMT1,PAY_AMT2,PAY_AMT3,PAY_AMT4,PAY_AMT5,PAY_AMT6
0.08860759493670886,1.0,0.3333333333333333,0.6666666666666666,0.2407407407407407,0.30000000000000004,0.5555555555555556,0.4,0.2,0.2,0.0,0.15597034488279699,0.14864405907476974,0.2060646475383724,0.11580907690740308,0.13289738989487032,0.3979407101702482,6.08077704222897e-06,4.074707313773652e-06,0.0028253933210330164,0.0,0.0,0.0
