LIMIT_BAL,SEX,EDUCATION,MARRIAGE,AGE,PAY_0,PAY_2,PAY_3,PAY_4,PAY_5,PAY_6,BILL_AMT1,BILL_AMT2,BILL_AMT3,BILL_AMT4,BILL_AMT5,BILL_AMT6,PAY_AMT1,PAY_AMT2,PAY_AMT3,PAY_AMT4,PAY_AMT5,PAY_AMT6
0.025316455696202535,1.0,0.3333333333333333,0.6666666666666666,0.018518518518518545,0.30000000000000004,0.4444444444444444,0.2,0.2,0.2,0.2,0.050006514330742775,0.0648831883908815,0.10420260168130477,0.08654704757795317,0.14353127256922318,0.4078528147963267,0.0030403885211144847,0.0011376582820056035,0.005256545713549798,0.0004449488308844483,0.005153696102001953,0.004956629491945477
