LIMIT_BAL,SEX,EDUCATION,MARRIAGE,AGE,PAY_0,PAY_2,PAY_3,PAY_4,PAY_5,PAY_6,BILL_AMT1,BILL_AMT2,BILL_AMT3,BILL_AMT4,BILL_AMT5,BILL_AMT6,PAY_AMT1,PAY_AMT2,PAY_AMT3,PAY_AMT4,PAY_AMT5,PAY_AMT6
0.05063291139240507,1.0,0.3333333333333333,0.6666666666666666,0.37037037037037035,0.30000000000000004,0.4444444444444444,0.2,0.2,0.2,0.2,0.10170989409110959,0.10501723871764525,0.14131972355691858,0.11753804018865777,0.17111760342218868,0.4266575736377154,0.0,0.0016298829255094608,0.006667928237637918,0.0037495687995880472,0.0038652720765014648,0.003717472118959108
