LIMIT_BAL,SEX,EDUCATION,MARRIAGE,AGE,PAY_0,PAY_2,PAY_3,PAY_4,PAY_5,PAY_6,BILL_AMT1,BILL_AMT2,BILL_AMT3,BILL_AMT4,BILL_AMT5,BILL_AMT6,PAY_AMT1,PAY_AMT2,PAY_AMT3,PAY_AMT4,PAY_AMT5,PAY_AMT6
0.12658227848101264,1.0,0.3333333333333333,0.3333333333333333,0.11111111111111116,0.30000000000000004,0.4444444444444444,0.4,0.2,0.2,0.2,0.19762909755328018,0.18657567025163382,0.25515359691271117,0.23972959853292822,0.2612033215360634,0.48669734392155617,0.008843476745081664,0.0,0.010544630701380894,0.007799103103143138,0.007215174542802735,0.007434944237918216
