LIMIT_BAL,SEX,EDUCATION,MARRIAGE,AGE,PAY_0,PAY_2,PAY_3,PAY_4,PAY_5,PAY_6,BILL_AMT1,BILL_AMT2,BILL_AMT3,BILL_AMT4,BILL_AMT5,BILL_AMT6,PAY_AMT1,PAY_AMT2,PAY_AMT3,PAY_AMT4,PAY_AMT5,PAY_AMT6
0.27848101265822783,1.0,0.16666666666666666,0.3333333333333333,0.12962962962962965,0.30000000000000004,0.4444444444444444,0.2,0.2,0.2,0.2,0.3491618489397338,0.29482709823496117,0.4056952424654075,0.3117078082019381,0.3943474410381598,0.5805336529954851,0.012769631788680836,0.007549617710959822,0.01607451679203528,0.015318238402583702,0.01485552901402063,0.014760842627013632
