LIMIT_BAL,SEX,EDUCATION,MARRIAGE,AGE,PAY_0,PAY_2,PAY_3,PAY_4,PAY_5,PAY_6,BILL_AMT1,BILL_AMT2,BILL_AMT3,BILL_AMT4,BILL_AMT5,BILL_AMT6,PAY_AMT1,PAY_AMT2,PAY_AMT3,PAY_AMT4,PAY_AMT5,PAY_AMT6
0.012658227848101266,0.0,0.16666666666666666,0.6666666666666666,0.18518518518518523,0.30000000000000004,0.5555555555555556,0.4,0.2,0.2,0.0,0.04941159111351104,0.06303195595121701,0.09927885131198223,0.09582861389283424,0.13289738989487032,0.3979407101702482,0.0,4.074707313773652e-06,0.00505942524929168,0.0,0.0,0.0
