LIMIT_BAL,SEX,EDUCATION,MARRIAGE,AGE,PAY_0,PAY_2,PAY_3,PAY_4,PAY_5,PAY_6,BILL_AMT1,BILL_AMT2,BILL_AMT3,BILL_AMT4,BILL_AMT5,BILL_AMT6,PAY_AMT1,PAY_AMT2,PAY_AMT3,PAY_AMT4,PAY_AMT5,PAY_AMT6
0.05063291139240507,1.0,0.16666666666666666,0.6666666666666666,0.2222222222222222,0.2,0.2222222222222222,0.4,0.4,0.4,0.4,0.063465278617141,0.07863299542016158,0.1233892172672938,0.12483893972899923,0.18499818629229126,0.4375563187762845,0.006891547314526165,0.0013039063404075685,0.012878536998197004,0.0,0.006699804932602539,0.003717472118959108
