LIMIT_BAL,SEX,EDUCATION,MARRIAGE,AGE,PAY_0,PAY_2,PAY_3,PAY_4,PAY_5,PAY_6,BILL_AMT1,BILL_AMT2,BILL_AMT3,BILL_AMT4,BILL_AMT5,BILL_AMT6,PAY_AMT1,PAY_AMT2,PAY_AMT3,PAY_AMT4,PAY_AMT5,PAY_AMT6
0.025316455696202535,1.0,0.16666666666666666,0.6666666666666666,0.09259259259259262,0.30000000000000004,0.4444444444444444,0.2,0.2,0.2,0.1,0.07228081631627939,0.0809653681881336,0.12468494104869446,0.10368236217735508,0.1354431165707526,0.4034258220930137,0.0,0.001084687086926546,0.00012878536998197005,1.249856266529349e-05,0.013819636097518238,1.982651796778191e-05
