LIMIT_BAL,SEX,EDUCATION,MARRIAGE,AGE,PAY_0,PAY_2,PAY_3,PAY_4,PAY_5,PAY_6,BILL_AMT1,BILL_AMT2,BILL_AMT3,BILL_AMT4,BILL_AMT5,BILL_AMT6,PAY_AMT1,PAY_AMT2,PAY_AMT3,PAY_AMT4,PAY_AMT5,PAY_AMT6
0.06329113924050633,1.0,0.16666666666666666,0.6666666666666666,0.07407407407407407,0.2,0.2222222222222222,0.2,0.4,0.4,0.4,0.06180608642554748,0.07479030515103176,0.12078621547969015,0.1152637193386191,0.17897536952252102,0.43164350639382887,0.0028660729125705876,0.0021824132372571677,0.0,0.0057743359513655924,0.0030226427638241457,0.0
