LIMIT_BAL,SEX,EDUCATION,MARRIAGE,AGE,PAY_0,PAY_2,PAY_3,PAY_4,PAY_5,PAY_6,BILL_AMT1,BILL_AMT2,BILL_AMT3,BILL_AMT4,BILL_AMT5,BILL_AMT6,PAY_AMT1,PAY_AMT2,PAY_AMT3,PAY_AMT4,PAY_AMT5,PAY_AMT6
0.012658227848101266,0.0,0.5,0.3333333333333333,0.5740740740740741,0.2,0.2222222222222222,0.5,0.4,0.2,0.2,0.04922165520510723,0.06859079915607472,0.10810627906093864,0.10394005861095629,0.1641568873507776,0.4208291295651165,0.00915967715127757,0.0,0.0,0.0017073036600790909,0.0018269852681596923,0.0025452292441140024
