LIMIT_BAL,SEX,EDUCATION,MARRIAGE,AGE,PAY_0,PAY_2,PAY_3,PAY_4,PAY_5,PAY_6,BILL_AMT1,BILL_AMT2,BILL_AMT3,BILL_AMT4,BILL_AMT5,BILL_AMT6,PAY_AMT1,PAY_AMT2,PAY_AMT3,PAY_AMT4,PAY_AMT5,PAY_AMT6
0.012658227848101266,0.0,0.5,0.6666666666666666,0.20370370370370372,0.2,0.2222222222222222,0.4,0.4,0.4,0.2,0.02980110100038144,0.050625225132506564,0.08564156483818308,0.09474089522542445,0.15295274882925985,0.4155748587123755,0.004864621633783176,0.0,0.018397909997424293,0.0,0.0077305441530029296,0.009913258983890954
