LIMIT_BAL,SEX,EDUCATION,MARRIAGE,AGE,PAY_0,PAY_2,PAY_3,PAY_4,PAY_5,PAY_6,BILL_AMT1,BILL_AMT2,BILL_AMT3,BILL_AMT4,BILL_AMT5,BILL_AMT6,PAY_AMT1,PAY_AMT2,PAY_AMT3,PAY_AMT4,PAY_AMT5,PAY_AMT6
0.3164556962025316,1.0,0.16666666666666666,0.3333333333333333,0.42592592592592593,0.2,0.2222222222222222,0.2,0.2,0.2,0.2,0.48921368103639074,0.4290446662893017,0.5808886519355803,0.5344174562365533,0.6297029767682016,0.41549634931292556,0.013967544865999942,0.007063912599158003,0.018153480621744225,0.015218249901261353,0.03860633750009663,0.031197026022304834
