LIMIT_BAL,SEX,EDUCATION,MARRIAGE,AGE,PAY_0,PAY_2,PAY_3,PAY_4,PAY_5,PAY_6,BILL_AMT1,BILL_AMT2,BILL_AMT3,BILL_AMT4,BILL_AMT5,BILL_AMT6,PAY_AMT1,PAY_AMT2,PAY_AMT3,PAY_AMT4,PAY_AMT5,PAY_AMT6
0.1139240506329114,0.0,0.3333333333333333,0.3333333333333333,0.38888888888888884,0.2,0.2222222222222222,0.4,0.4,0.4,0.2,0.05160134807403419,0.06824731127463593,0.10635333809807557,0.10316097636983633,0.16076149580232874,0.4175715753789836,0.006451704441804936,0.0,0.003348419619531221,0.0,0.0019429434304547365,0.0017348203221809171
