LIMIT_BAL,SEX,EDUCATION,MARRIAGE,AGE,PAY_0,PAY_2,PAY_3,PAY_4,PAY_5,PAY_6,BILL_AMT1,BILL_AMT2,BILL_AMT3,BILL_AMT4,BILL_AMT5,BILL_AMT6,PAY_AMT1,PAY_AMT2,PAY_AMT3,PAY_AMT4,PAY_AMT5,PAY_AMT6
0.05063291139240507,0.0,0.5,0.6666666666666666,0.05555555555555558,0.30000000000000004,0.4444444444444444,0.4,0.2,0.2,0.2,0.10621027631750377,0.11063783255287399,0.16041060413740285,0.1500197767030438,0.2018329885654716,0.4213037013080603,0.0044815326801227505,0.0,0.00571386519062863,0.004999425066117396,0.01667993743412932,0.0
