LIMIT_BAL,SEX,EDUCATION,MARRIAGE,AGE,PAY_0,PAY_2,PAY_3,PAY_4,PAY_5,PAY_6,BILL_AMT1,BILL_AMT2,BILL_AMT3,BILL_AMT4,BILL_AMT5,BILL_AMT6,PAY_AMT1,PAY_AMT2,PAY_AMT3,PAY_AMT4,PAY_AMT5,PAY_AMT6
0.06329113924050633,1.0,0.3333333333333333,0.3333333333333333,0.03703703703703709,0.2,0.2222222222222222,0.2,0.2,0.4,0.4,0.11728306886196996,0.11860495034220142,0.14781814970644017,0.12139299904712249,0.1829491867726787,0.4331187800342394,0.0045200442680568675,0.0016298829255094608,0.011301573284132066,0.002499712533058698,0.0,0.004956629491945477
