LIMIT_BAL,SEX,EDUCATION,MARRIAGE,AGE,PAY_0,PAY_2,PAY_3,PAY_4,PAY_5,PAY_6,BILL_AMT1,BILL_AMT2,BILL_AMT3,BILL_AMT4,BILL_AMT5,BILL_AMT6,PAY_AMT1,PAY_AMT2,PAY_AMT3,PAY_AMT4,PAY_AMT5,PAY_AMT6
0.012658227848101266,1.0,0.3333333333333333,0.6666666666666666,0.09259259259259262,0.30000000000000004,0.0,0.1,0.2,0.2,0.2,0.024029246990457682,0.04290382339319714,0.07872553599223557,0.07792919940310314,0.1344006431309497,0.3979407101702482,0.0,0.0012778282135994172,0.002628272856774899,0.0007549131849837269,0.0,0.0004758364312267658
