LIMIT_BAL,SEX,EDUCATION,MARRIAGE,AGE,PAY_0,PAY_2,PAY_3,PAY_4,PAY_5,PAY_6,BILL_AMT1,BILL_AMT2,BILL_AMT3,BILL_AMT4,BILL_AMT5,BILL_AMT6,PAY_AMT1,PAY_AMT2,PAY_AMT3,PAY_AMT4,PAY_AMT5,PAY_AMT6
0.05063291139240507,1.0,0.3333333333333333,0.6666666666666666,0.20370370370370372,0.30000000000000004,0.4444444444444444,0.2,0.2,0.2,0.2,0.10147914550817273,0.10503653578963619,0.15743786715612565,0.08907606839143489,0.1476211017539044,0.409508542877264,0.0,0.002444824388264191,0.002628272856774899,0.002499712533058698,0.0025768480510009765,0.0024783147459727386
