LIMIT_BAL,SEX,EDUCATION,MARRIAGE,AGE,PAY_0,PAY_2,PAY_3,PAY_4,PAY_5,PAY_6,BILL_AMT1,BILL_AMT2,BILL_AMT3,BILL_AMT4,BILL_AMT5,BILL_AMT6,PAY_AMT1,PAY_AMT2,PAY_AMT3,PAY_AMT4,PAY_AMT5,PAY_AMT6
0.3164556962025316,1.0,0.16666666666666666,0.3333333333333333,0.2592592592592593,0.4,0.4444444444444444,0.0,0.1,0.2,0.2,0.025619371578995284,0.04290382339319714,0.0761373896365206,0.08616499763278858,0.13897249373372159,0.3979407101702482,0.0,0.0,0.01812194134746293,0.0,0.0,0.0
