LIMIT_BAL,SEX,EDUCATION,MARRIAGE,AGE,PAY_0,PAY_2,PAY_3,PAY_4,PAY_5,PAY_6,BILL_AMT1,BILL_AMT2,BILL_AMT3,BILL_AMT4,BILL_AMT5,BILL_AMT6,PAY_AMT1,PAY_AMT2,PAY_AMT3,PAY_AMT4,PAY_AMT5,PAY_AMT6
0.0759493670886076,0.0,0.3333333333333333,0.3333333333333333,0.2962962962962963,0.2,0.2222222222222222,0.2,0.4,0.4,0.4,0.13009981838359833,0.13152112386147277,0.19252309607007803,0.14890658803928972,0.17705708767561104,0.42847266408171536,0.006080777042228969,0.002852295119641556,0.0,0.005499367572729136,0.0,0.0024783147459727386
