LIMIT_BAL,SEX,EDUCATION,MARRIAGE,AGE,PAY_0,PAY_2,PAY_3,PAY_4,PAY_5,PAY_6,BILL_AMT1,BILL_AMT2,BILL_AMT3,BILL_AMT4,BILL_AMT5,BILL_AMT6,PAY_AMT1,PAY_AMT2,PAY_AMT3,PAY_AMT4,PAY_AMT5,PAY_AMT6
0.025316455696202535,0.0,0.3333333333333333,0.6666666666666666,0.4814814814814815,0.30000000000000004,0.5555555555555556,0.4,0.2,0.2,0.2,0.04880411015026913,0.0625057891215973,0.10204031103973168,0.10119679018116659,0.16279742355467103,0.42152751168559677,0.0,0.0008149414627547304,0.003942409285162349,0.00414702309234438,0.0054861095005810795,0.0
