LIMIT_BAL,SEX,EDUCATION,MARRIAGE,AGE,PAY_0,PAY_2,PAY_3,PAY_4,PAY_5,PAY_6,BILL_AMT1,BILL_AMT2,BILL_AMT3,BILL_AMT4,BILL_AMT5,BILL_AMT6,PAY_AMT1,PAY_AMT2,PAY_AMT3,PAY_AMT4,PAY_AMT5,PAY_AMT6
0.1772151898734177,1.0,0.5,0.6666666666666666,0.3148148148148149,0.30000000000000004,0.0,0.1,0.4,0.4,0.4,0.026523529291727427,0.04462126280039109,0.09173064130899464,0.08315654159400226,0.1511668186259612,0.405782275858594,0.0027140534865148632,0.007709346237659749,0.0,0.016753073396559393,4.1229568816015626e-05,0.020426270136307313
