LIMIT_BAL,SEX,EDUCATION,MARRIAGE,AGE,PAY_0,PAY_2,PAY_3,PAY_4,PAY_5,PAY_6,BILL_AMT1,BILL_AMT2,BILL_AMT3,BILL_AMT4,BILL_AMT5,BILL_AMT6,PAY_AMT1,PAY_AMT2,PAY_AMT3,PAY_AMT4,PAY_AMT5,PAY_AMT6
0.1772151898734177,0.0,0.3333333333333333,0.3333333333333333,0.33333333333333337,0.30000000000000004,0.4444444444444444,0.2,0.2,0.2,0.2,0.039627537253338396,0.055291257139916644,0.09368825711121272,0.09178937211964305,0.15016846240069542,0.41022215816480173,0.0,0.0009575562187368082,0.00298308969243951,0.002499712533058698,0.0025768480510009765,0.0024783147459727386
