LIMIT_BAL,SEX,EDUCATION,MARRIAGE,AGE,PAY_0,PAY_2,PAY_3,PAY_4,PAY_5,PAY_6,BILL_AMT1,BILL_AMT2,BILL_AMT3,BILL_AMT4,BILL_AMT5,BILL_AMT6,PAY_AMT1,PAY_AMT2,PAY_AMT3,PAY_AMT4,PAY_AMT5,PAY_AMT6
0.0,1.0,0.3333333333333333,1.0,0.462962962962963,0.30000000000000004,0.4444444444444444,0.2,0.2,0.2,0.2,0.03899180136157361,0.05478567385375393,0.09272100343490598,0.08898167958145305,0.14757698453936727,0.40687906388673084,0.0,0.0008198311115312588,0.0036532992709171095,0.002499712533058698,0.0025768480510009765,0.004956629491945477
