LIMIT_BAL,SEX,EDUCATION,MARRIAGE,AGE,PAY_0,PAY_2,PAY_3,PAY_4,PAY_5,PAY_6,BILL_AMT1,BILL_AMT2,BILL_AMT3,BILL_AMT4,BILL_AMT5,BILL_AMT6,PAY_AMT1,PAY_AMT2,PAY_AMT3,PAY_AMT4,PAY_AMT5,PAY_AMT6
0.13924050632911392,1.0,0.16666666666666666,0.6666666666666666,0.09259259259259262,0.30000000000000004,0.4444444444444444,0.4,0.2,0.2,0.2,0.02988429606769881,0.04934389955230793,0.08403057578003398,0.08488550487525695,0.14398224854004701,0.4059392946574939,0.0030403885211144847,0.0,0.003942409285162349,0.002499712533058698,0.000773054415300293,0.0010061957868649318
