LIMIT_BAL,SEX,EDUCATION,MARRIAGE,AGE,PAY_0,PAY_2,PAY_3,PAY_4,PAY_5,PAY_6,BILL_AMT1,BILL_AMT2,BILL_AMT3,BILL_AMT4,BILL_AMT5,BILL_AMT6,PAY_AMT1,PAY_AMT2,PAY_AMT3,PAY_AMT4,PAY_AMT5,PAY_AMT6
0.0,0.0,0.3333333333333333,0.6666666666666666,0.2962962962962963,0.2,0.2222222222222222,0.2,0.2,0.4,0.4,0.03777213028033598,0.05339885761333814,0.08858294035213976,0.08806625794813709,0.14427472933271898,0.4048811754380414,0.002365422269427069,0.0008328701749353344,0.002722890679618795,0.0,0.006957489737702637,0.0
