LIMIT_BAL,SEX,EDUCATION,MARRIAGE,AGE,PAY_0,PAY_2,PAY_3,PAY_4,PAY_5,PAY_6,BILL_AMT1,BILL_AMT2,BILL_AMT3,BILL_AMT4,BILL_AMT5,BILL_AMT6,PAY_AMT1,PAY_AMT2,PAY_AMT3,PAY_AMT4,PAY_AMT5,PAY_AMT6
0.025316455696202535,0.0,0.16666666666666666,0.6666666666666666,0.018518518518518545,0.2,0.2222222222222222,0.2,0.5,0.4,0.2,0.05353367124134889,0.07268949724695106,0.12142830025798934,0.11584952925453815,0.17561102342133902,0.42937142093810526,0.010134628403714948,0.0040747073137736515,0.0,0.0,0.002873185576866089,0.006195786864931847
