LIMIT_BAL,SEX,EDUCATION,MARRIAGE,AGE,PAY_0,PAY_2,PAY_3,PAY_4,PAY_5,PAY_6,BILL_AMT1,BILL_AMT2,BILL_AMT3,BILL_AMT4,BILL_AMT5,BILL_AMT6,PAY_AMT1,PAY_AMT2,PAY_AMT3,PAY_AMT4,PAY_AMT5,PAY_AMT6
0.05063291139240507,1.0,0.3333333333333333,0.6666666666666666,0.5185185185185185,0.4,0.2222222222222222,0.1,0.1,0.1,0.2,0.0851650637227124,0.09153115833890804,0.07614234144715015,0.10292275699226311,0.1528759521965471,0.41352072472378165,0.00405385136148598,0.0008149414627547304,0.04993718427872308,0.031246406663233726,0.005153696102001953,0.004956629491945477
