LIMIT_BAL,SEX,EDUCATION,MARRIAGE,AGE,PAY_0,PAY_2,PAY_3,PAY_4,PAY_5,PAY_6,BILL_AMT1,BILL_AMT2,BILL_AMT3,BILL_AMT4,BILL_AMT5,BILL_AMT6,PAY_AMT1,PAY_AMT2,PAY_AMT3,PAY_AMT4,PAY_AMT5,PAY_AMT6
0.2151898734177215,1.0,0.16666666666666666,0.6666666666666666,0.12962962962962965,0.30000000000000004,0.4444444444444444,0.4,0.2,0.2,0.2,0.029954933389006008,0.0500694694591674,0.08393153956744284,0.0887839125510149,0.14561458547792017,0.41246846441473584,0.0040639859898896945,2.5263185345396642e-05,0.013141364283874494,0.002499712533058698,0.012884240255004883,0.012391573729863693
