LIMIT_BAL,SEX,EDUCATION,MARRIAGE,AGE,PAY_0,PAY_2,PAY_3,PAY_4,PAY_5,PAY_6,BILL_AMT1,BILL_AMT2,BILL_AMT3,BILL_AMT4,BILL_AMT5,BILL_AMT6,PAY_AMT1,PAY_AMT2,PAY_AMT3,PAY_AMT4,PAY_AMT5,PAY_AMT6
0.12658227848101264,1.0,0.16666666666666666,0.6666666666666666,0.07407407407407407,0.30000000000000004,0.4444444444444444,0.4,0.2,0.2,0.2,0.11898307372809654,0.12250295888437196,0.16920832102258193,0.1420281907912479,0.1909654480511629,0.4277238953317373,0.006080777042228969,2.5263185345396642e-05,0.007884818570324697,0.0037495687995880472,0.005153696102001953,0.0024783147459727386
