LIMIT_BAL,SEX,EDUCATION,MARRIAGE,AGE,PAY_0,PAY_2,PAY_3,PAY_4,PAY_5,PAY_6,BILL_AMT1,BILL_AMT2,BILL_AMT3,BILL_AMT4,BILL_AMT5,BILL_AMT6,PAY_AMT1,PAY_AMT2,PAY_AMT3,PAY_AMT4,PAY_AMT5,PAY_AMT6
0.012658227848101266,1.0,0.5,0.3333333333333333,0.18518518518518523,0.30000000000000004,0.4444444444444444,0.2,0.2,0.2,0.2,0.048992476340421656,0.0626511603972624,0.10327001067940493,0.10167922187662932,0.16165691186034126,0.41901169555695383,0.0,0.0010944663844796028,0.003035655149575008,0.0012648545417277013,0.0013863442514385255,0.001486988847583643
