LIMIT_BAL,SEX,EDUCATION,MARRIAGE,AGE,PAY_0,PAY_2,PAY_3,PAY_4,PAY_5,PAY_6,BILL_AMT1,BILL_AMT2,BILL_AMT3,BILL_AMT4,BILL_AMT5,BILL_AMT6,PAY_AMT1,PAY_AMT2,PAY_AMT3,PAY_AMT4,PAY_AMT5,PAY_AMT6
0.05063291139240507,1.0,0.3333333333333333,0.3333333333333333,0.09259259259259262,0.30000000000000004,0.1111111111111111,0.4,0.4,0.0,0.0,0.024029246990457682,0.04419029485926002,0.07943859672289173,0.07583466676255371,0.13289738989487032,0.3979407101702482,0.00202692568074299,0.0,0.0,0.0,0.0,0.0
