LIMIT_BAL,SEX,EDUCATION,MARRIAGE,AGE,PAY_0,PAY_2,PAY_3,PAY_4,PAY_5,PAY_6,BILL_AMT1,BILL_AMT2,BILL_AMT3,BILL_AMT4,BILL_AMT5,BILL_AMT6,PAY_AMT1,PAY_AMT2,PAY_AMT3,PAY_AMT4,PAY_AMT5,PAY_AMT6
0.08860759493670886,1.0,0.16666666666666666,0.3333333333333333,0.2407407407407407,0.1,0.4444444444444444,0.4,0.4,0.4,0.5,0.03073037420513392,0.048123038131014255,0.08492850410752692,0.08346367978521302,0.14271428711483222,0.40452378190323185,0.0,0.0012224121941320956,0.0,0.002499712533058698,0.0,0.0024783147459727386
