LIMIT_BAL,SEX,EDUCATION,MARRIAGE,AGE,PAY_0,PAY_2,PAY_3,PAY_4,PAY_5,PAY_6,BILL_AMT1,BILL_AMT2,BILL_AMT3,BILL_AMT4,BILL_AMT5,BILL_AMT6,PAY_AMT1,PAY_AMT2,PAY_AMT3,PAY_AMT4,PAY_AMT5,PAY_AMT6
0.025316455696202535,0.0,0.3333333333333333,0.3333333333333333,0.3148148148148149,0.30000000000000004,0.4444444444444444,0.4,0.2,0.1,0.1,0.04924363126062503,0.06543251170689035,0.1038675291620381,0.10070536907522938,0.15243804799299354,0.4131234905982064,0.00405385136148598,0.0,0.0,0.02989406218284897,0.003092217661201172,0.0
