LIMIT_BAL,SEX,EDUCATION,MARRIAGE,AGE,PAY_0,PAY_2,PAY_3,PAY_4,PAY_5,PAY_6,BILL_AMT1,BILL_AMT2,BILL_AMT3,BILL_AMT4,BILL_AMT5,BILL_AMT6,PAY_AMT1,PAY_AMT2,PAY_AMT3,PAY_AMT4,PAY_AMT5,PAY_AMT6
0.18987341772151897,0.0,0.3333333333333333,0.3333333333333333,0.537037037037037,0.30000000000000004,0.4444444444444444,0.4,0.4,0.2,0.2,0.24815204918869113,0.23154556681932797,0.3219997392046402,0.2917588081240299,0.21222994545805107,0.45626030435867776,0.015607327741721022,0.0049711429228038555,0.0,0.004999425066117396,0.005153696102001953,0.004956629491945477
