LIMIT_BAL,SEX,EDUCATION,MARRIAGE,AGE,PAY_0,PAY_2,PAY_3,PAY_4,PAY_5,PAY_6,BILL_AMT1,BILL_AMT2,BILL_AMT3,BILL_AMT4,BILL_AMT5,BILL_AMT6,PAY_AMT1,PAY_AMT2,PAY_AMT3,PAY_AMT4,PAY_AMT5,PAY_AMT6
0.012658227848101266,1.0,0.5,0.6666666666666666,0.05555555555555558,0.30000000000000004,0.4444444444444444,0.2,0.2,0.2,0.2,0.05409563037530393,0.06627257757422941,0.10458224049623746,0.08726620041591006,0.13572415956706307,0.3979407101702482,0.0,0.0010863169698520556,0.0013141364283874495,0.0002499712533058698,0.0,0.007930607187112764
