LIMIT_BAL,SEX,EDUCATION,MARRIAGE,AGE,PAY_0,PAY_2,PAY_3,PAY_4,PAY_5,PAY_6,BILL_AMT1,BILL_AMT2,BILL_AMT3,BILL_AMT4,BILL_AMT5,BILL_AMT6,PAY_AMT1,PAY_AMT2,PAY_AMT3,PAY_AMT4,PAY_AMT5,PAY_AMT6
0.0759493670886076,1.0,0.16666666666666666,0.6666666666666666,0.05555555555555558,0.2,0.2222222222222222,0.2,0.4,0.4,0.4,0.09815134281547805,0.10521020943755469,0.16304166618524063,0.15538945122645523,0.21728871939163996,0.4628679835153696,0.00405385136148598,0.0040747073137736515,0.004993718427872308,0.0,0.011853501034604492,0.0
