LIMIT_BAL,SEX,EDUCATION,MARRIAGE,AGE,PAY_0,PAY_2,PAY_3,PAY_4,PAY_5,PAY_6,BILL_AMT1,BILL_AMT2,BILL_AMT3,BILL_AMT4,BILL_AMT5,BILL_AMT6,PAY_AMT1,PAY_AMT2,PAY_AMT3,PAY_AMT4,PAY_AMT5,PAY_AMT6
0.012658227848101266,1.0,0.3333333333333333,0.3333333333333333,0.5555555555555556,0.30000000000000004,0.4444444444444444,0.2,0.2,0.2,0.2,0.04711980246665526,0.06112797818144394,0.09931186338284595,0.0965043179134979,0.1539903203563364,0.41201967187758154,0.0,0.0010211216528316772,0.005866305016321574,0.0010048844382895966,0.0010127012840433838,0.0008847583643122677
