LIMIT_BAL,SEX,EDUCATION,MARRIAGE,AGE,PAY_0,PAY_2,PAY_3,PAY_4,PAY_5,PAY_6,BILL_AMT1,BILL_AMT2,BILL_AMT3,BILL_AMT4,BILL_AMT5,BILL_AMT6,PAY_AMT1,PAY_AMT2,PAY_AMT3,PAY_AMT4,PAY_AMT5,PAY_AMT6
0.620253164556962,1.0,0.16666666666666666,0.6666666666666666,0.12962962962962965,0.4,0.2222222222222222,0.2,0.4,0.2,0.2,0.17871085318896113,0.17419080944784646,0.26049329937491644,0.19280187938608317,0.26096149384156364,0.49275194193585425,0.012161554084457939,0.01071729517668746,0.0,0.0074991375991760945,0.012884240255004883,0.024783147459727387
