LIMIT_BAL,SEX,EDUCATION,MARRIAGE,AGE,PAY_0,PAY_2,PAY_3,PAY_4,PAY_5,PAY_6,BILL_AMT1,BILL_AMT2,BILL_AMT3,BILL_AMT4,BILL_AMT5,BILL_AMT6,PAY_AMT1,PAY_AMT2,PAY_AMT3,PAY_AMT4,PAY_AMT5,PAY_AMT6
0.025316455696202535,1.0,0.3333333333333333,0.3333333333333333,0.4814814814814815,0.30000000000000004,0.4444444444444444,0.2,0.2,0.2,0.2,0.0612456970098437,0.0725531312715484,0.11584430847139257,0.11236163799044725,0.1734770574144698,0.42773092602422536,0.0,0.0013837706037575321,0.0026860948596239467,0.002499712533058698,0.0025768480510009765,0.0024783147459727386
