LIMIT_BAL,SEX,EDUCATION,MARRIAGE,AGE,PAY_0,PAY_2,PAY_3,PAY_4,PAY_5,PAY_6,BILL_AMT1,BILL_AMT2,BILL_AMT3,BILL_AMT4,BILL_AMT5,BILL_AMT6,PAY_AMT1,PAY_AMT2,PAY_AMT3,PAY_AMT4,PAY_AMT5,PAY_AMT6
0.012658227848101266,1.0,0.16666666666666666,0.6666666666666666,0.05555555555555558,0.4,0.1111111111111111,0.1,0.1,0.1,0.1,0.025834422979419423,0.04504065249832759,0.07608952213376823,0.08031738611915164,0.13888425930464735,0.4042261492545708,0.003366723555714106,0.0,0.007940012300316969,0.00915894672112707,0.013822212945569238,0.0
