LIMIT_BAL,SEX,EDUCATION,MARRIAGE,AGE,PAY_0,PAY_2,PAY_3,PAY_4,PAY_5,PAY_6,BILL_AMT1,BILL_AMT2,BILL_AMT3,BILL_AMT4,BILL_AMT5,BILL_AMT6,PAY_AMT1,PAY_AMT2,PAY_AMT3,PAY_AMT4,PAY_AMT5,PAY_AMT6
0.08860759493670886,1.0,0.3333333333333333,0.3333333333333333,0.16666666666666674,0.4,0.4444444444444444,0.0,0.0,0.1,0.1,0.04805221510791028,0.04290382339319714,0.0761373896365206,0.07583466676255371,0.13453953065819618,0.3979465690806549,0.0,0.0,0.0,0.0025122110957239915,0.0,0.0
