LIMIT_BAL,SEX,EDUCATION,MARRIAGE,AGE,PAY_0,PAY_2,PAY_3,PAY_4,PAY_5,PAY_6,BILL_AMT1,BILL_AMT2,BILL_AMT3,BILL_AMT4,BILL_AMT5,BILL_AMT6,PAY_AMT1,PAY_AMT2,PAY_AMT3,PAY_AMT4,PAY_AMT5,PAY_AMT6
0.0759493670886076,1.0,0.16666666666666666,0.3333333333333333,0.3148148148148149,0.2,0.2222222222222222,0.2,0.4,0.4,0.4,0.1258082086846232,0.1267611794370401,0.19062490199541463,0.18046541174496444,0.24920180521106003,0.4793608163102691,0.004864621633783176,0.004645166337701963,0.006833509427614737,0.0074991375991760945,0.0,0.0069392812887236685
