LIMIT_BAL,SEX,EDUCATION,MARRIAGE,AGE,PAY_0,PAY_2,PAY_3,PAY_4,PAY_5,PAY_6,BILL_AMT1,BILL_AMT2,BILL_AMT3,BILL_AMT4,BILL_AMT5,BILL_AMT6,PAY_AMT1,PAY_AMT2,PAY_AMT3,PAY_AMT4,PAY_AMT5,PAY_AMT6
0.06329113924050633,0.0,0.5,0.6666666666666666,0.09259259259259262,0.30000000000000004,0.4444444444444444,0.2,0.2,0.2,0.2,0.12129840814872138,0.12048834456851748,0.15460047966538965,0.10142302367810718,0.1626667058819685,0.42083967560384855,0.0,0.004091821084491501,0.013141364283874494,0.004999425066117396,0.005153696102001953,0.0042627013630731105
