LIMIT_BAL,SEX,EDUCATION,MARRIAGE,AGE,PAY_0,PAY_2,PAY_3,PAY_4,PAY_5,PAY_6,BILL_AMT1,BILL_AMT2,BILL_AMT3,BILL_AMT4,BILL_AMT5,BILL_AMT6,PAY_AMT1,PAY_AMT2,PAY_AMT3,PAY_AMT4,PAY_AMT5,PAY_AMT6
0.35443037974683544,0.0,0.16666666666666666,0.6666666666666666,0.18518518518518523,0.4,0.2222222222222222,0.2,0.2,0.2,0.2,0.09469953238093294,0.10041167086914013,0.13420727288933199,0.11905425408868353,0.17886262552981508,0.401474804927578,0.005472699338006072,0.0013911050769223247,0.004730891142194818,0.0,0.0,0.005975216852540273
