LIMIT_BAL,SEX,EDUCATION,MARRIAGE,AGE,PAY_0,PAY_2,PAY_3,PAY_4,PAY_5,PAY_6,BILL_AMT1,BILL_AMT2,BILL_AMT3,BILL_AMT4,BILL_AMT5,BILL_AMT6,PAY_AMT1,PAY_AMT2,PAY_AMT3,PAY_AMT4,PAY_AMT5,PAY_AMT6
0.2531645569620253,1.0,0.16666666666666666,0.6666666666666666,0.09259259259259262,0.30000000000000004,0.4444444444444444,0.4,0.2,0.2,0.2,0.21254926953161177,0.19885246745227192,0.2705504267635461,0.2558116538717391,0.3332924840606138,0.5445575995340994,0.009121165563343454,0.0,0.011306829829845615,0.011136219334776501,0.011655083734677418,0.011192069392812887
