LIMIT_BAL,SEX,EDUCATION,MARRIAGE,AGE,PAY_0,PAY_2,PAY_3,PAY_4,PAY_5,PAY_6,BILL_AMT1,BILL_AMT2,BILL_AMT3,BILL_AMT4,BILL_AMT5,BILL_AMT6,PAY_AMT1,PAY_AMT2,PAY_AMT3,PAY_AMT4,PAY_AMT5,PAY_AMT6
0.1772151898734177,0.0,0.3333333333333333,0.3333333333333333,0.2222222222222222,0.2,0.2222222222222222,0.4,0.4,0.4,0.4,0.16172650171020805,0.15533628364122884,0.207234925450491,0.190224915050071,0.26315918471387534,0.48820074033191896,0.014593864901349526,0.002444824388264191,0.0,0.014998275198352189,0.0,0.007434944237918216
