LIMIT_BAL,SEX,EDUCATION,MARRIAGE,AGE,PAY_0,PAY_2,PAY_3,PAY_4,PAY_5,PAY_6,BILL_AMT1,BILL_AMT2,BILL_AMT3,BILL_AMT4,BILL_AMT5,BILL_AMT6,PAY_AMT1,PAY_AMT2,PAY_AMT3,PAY_AMT4,PAY_AMT5,PAY_AMT6
0.08860759493670886,0.0,0.3333333333333333,0.6666666666666666,0.2962962962962963,0.2,0.2222222222222222,0.2,0.4,0.4,0.4,0.09900683926242078,0.10677841815468533,0.16502239043706332,0.1543242060852316,0.2237281987431496,0.4618848583491231,0.006080777042228969,0.0040747073137736515,0.0,0.01019382770981337,0.0,0.006195786864931847
