LIMIT_BAL,SEX,EDUCATION,MARRIAGE,AGE,PAY_0,PAY_2,PAY_3,PAY_4,PAY_5,PAY_6,BILL_AMT1,BILL_AMT2,BILL_AMT3,BILL_AMT4,BILL_AMT5,BILL_AMT6,PAY_AMT1,PAY_AMT2,PAY_AMT3,PAY_AMT4,PAY_AMT5,PAY_AMT6
0.05063291139240507,1.0,0.3333333333333333,0.6666666666666666,0.03703703703703709,0.4,0.2222222222222222,0.2,0.0,0.1,0.1,0.03773288732405421,0.04854886018628107,0.0761373896365206,0.07583466676255371,0.14174044045319817,0.4054565204399807,0.00202692568074299,0.0,0.0,0.013528444228913675,0.005153696102001953,0.0
