LIMIT_BAL,SEX,EDUCATION,MARRIAGE,AGE,PAY_0,PAY_2,PAY_3,PAY_4,PAY_5,PAY_6,BILL_AMT1,BILL_AMT2,BILL_AMT3,BILL_AMT4,BILL_AMT5,BILL_AMT6,PAY_AMT1,PAY_AMT2,PAY_AMT3,PAY_AMT4,PAY_AMT5,PAY_AMT6
0.05063291139240507,0.0,0.5,0.3333333333333333,0.37037037037037035,0.2,0.2222222222222222,0.4,0.4,0.4,0.4,0.032851063562601146,0.10324834045180878,0.15186708019787437,0.14879422040835893,0.2137854857632115,0.45720593249832137,0.08533357115927986,0.0,0.010250264141422105,0.004749453812811526,0.005153696102001953,0.0
