LIMIT_BAL,SEX,EDUCATION,MARRIAGE,AGE,PAY_0,PAY_2,PAY_3,PAY_4,PAY_5,PAY_6,BILL_AMT1,BILL_AMT2,BILL_AMT3,BILL_AMT4,BILL_AMT5,BILL_AMT6,PAY_AMT1,PAY_AMT2,PAY_AMT3,PAY_AMT4,PAY_AMT5,PAY_AMT6
0.36708860759493667,0.0,0.3333333333333333,0.3333333333333333,0.2592592592592593,0.30000000000000004,0.4444444444444444,0.2,0.2,0.2,0.2,0.4013800962865175,0.3513971080121443,0.4764384597227977,0.41230830082163217,0.4254762208213645,0.5787701209630642,0.020269256807429897,0.008149414627547303,0.02102618285419919,0.019997700264469585,0.025768480510009767,0.009001239157372987
