LIMIT_BAL,SEX,EDUCATION,MARRIAGE,AGE,PAY_0,PAY_2,PAY_3,PAY_4,PAY_5,PAY_6,BILL_AMT1,BILL_AMT2,BILL_AMT3,BILL_AMT4,BILL_AMT5,BILL_AMT6,PAY_AMT1,PAY_AMT2,PAY_AMT3,PAY_AMT4,PAY_AMT5,PAY_AMT6
0.012658227848101266,0.0,0.5,0.6666666666666666,0.20370370370370372,0.30000000000000004,0.4444444444444444,0.2,0.2,0.2,0.2,0.055178735968680975,0.06765296145731488,0.10948783422658495,0.105182095491511,0.16563726499413406,0.4212357379473424,0.0,0.001061053784506659,0.0018003669068908058,0.0018697849747279062,0.0017960630915476808,0.0017100371747211897
