LIMIT_BAL,SEX,EDUCATION,MARRIAGE,AGE,PAY_0,PAY_2,PAY_3,PAY_4,PAY_5,PAY_6,BILL_AMT1,BILL_AMT2,BILL_AMT3,BILL_AMT4,BILL_AMT5,BILL_AMT6,PAY_AMT1,PAY_AMT2,PAY_AMT3,PAY_AMT4,PAY_AMT5,PAY_AMT6
0.5822784810126582,1.0,0.3333333333333333,0.3333333333333333,0.6111111111111112,0.30000000000000004,0.4444444444444444,0.2,0.2,0.2,0.2,0.5869003872494927,0.49483481706375754,0.6681610130744307,0.6264240724426625,0.7444093685356026,0.8445443583965802,0.0,0.010621132084082401,0.0388984382802685,0.035893372262189846,0.03581045736476057,0.03574969021065676
