LIMIT_BAL,SEX,EDUCATION,MARRIAGE,AGE,PAY_0,PAY_2,PAY_3,PAY_4,PAY_5,PAY_6,BILL_AMT1,BILL_AMT2,BILL_AMT3,BILL_AMT4,BILL_AMT5,BILL_AMT6,PAY_AMT1,PAY_AMT2,PAY_AMT3,PAY_AMT4,PAY_AMT5,PAY_AMT6
0.05063291139240507,0.0,0.3333333333333333,0.3333333333333333,0.6296296296296295,0.30000000000000004,0.4444444444444444,0.2,0.2,0.1,0.1,0.09357718383127411,0.09863505377450729,0.14786271600210618,0.1421375619520205,0.1364104273487515,0.39991985010563613,0.0,0.0009779297553056765,0.002628272856774899,0.005374381946076201,0.004352296358140649,0.0
