LIMIT_BAL,SEX,EDUCATION,MARRIAGE,AGE,PAY_0,PAY_2,PAY_3,PAY_4,PAY_5,PAY_6,BILL_AMT1,BILL_AMT2,BILL_AMT3,BILL_AMT4,BILL_AMT5,BILL_AMT6,PAY_AMT1,PAY_AMT2,PAY_AMT3,PAY_AMT4,PAY_AMT5,PAY_AMT6
0.0379746835443038,0.0,0.16666666666666666,0.3333333333333333,0.2962962962962963,0.2,0.2222222222222222,0.2,0.4,0.4,0.1,0.04403530610290759,0.051766325322904344,0.09021703785989348,0.08274153047709798,0.1325379162949383,0.39918279917647154,0.0030403885211144847,0.002448899095577965,0.0,0.0,0.005153696102001953,0.009913258983890954
