LIMIT_BAL,SEX,EDUCATION,MARRIAGE,AGE,PAY_0,PAY_2,PAY_3,PAY_4,PAY_5,PAY_6,BILL_AMT1,BILL_AMT2,BILL_AMT3,BILL_AMT4,BILL_AMT5,BILL_AMT6,PAY_AMT1,PAY_AMT2,PAY_AMT3,PAY_AMT4,PAY_AMT5,PAY_AMT6
0.025316455696202535,0.0,0.3333333333333333,0.6666666666666666,0.20370370370370372,0.30000000000000004,0.4444444444444444,0.4,0.2,0.2,0.2,0.06970019951118973,0.08255158750578913,0.12435812154714372,0.11999964042358102,0.1711061656258272,0.4242214386906038,0.005067314201857474,0.0,0.002391728299665158,0.002499712533058698,0.0025768480510009765,0.0024783147459727386
