LIMIT_BAL,SEX,EDUCATION,MARRIAGE,AGE,PAY_0,PAY_2,PAY_3,PAY_4,PAY_5,PAY_6,BILL_AMT1,BILL_AMT2,BILL_AMT3,BILL_AMT4,BILL_AMT5,BILL_AMT6,PAY_AMT1,PAY_AMT2,PAY_AMT3,PAY_AMT4,PAY_AMT5,PAY_AMT6
0.025316455696202535,0.0,0.5,0.6666666666666666,0.18518518518518523,0.30000000000000004,0.5555555555555556,0.4,0.2,0.2,0.2,0.07332624867162593,0.0822544125971286,0.12047260080648489,0.10754481221121519,0.16766992480465878,0.4248190475520886,0.0,0.0,0.004326137122251484,0.001904780950190728,0.005153696102001953,0.0
