LIMIT_BAL,SEX,EDUCATION,MARRIAGE,AGE,PAY_0,PAY_2,PAY_3,PAY_4,PAY_5,PAY_6,BILL_AMT1,BILL_AMT2,BILL_AMT3,BILL_AMT4,BILL_AMT5,BILL_AMT6,PAY_AMT1,PAY_AMT2,PAY_AMT3,PAY_AMT4,PAY_AMT5,PAY_AMT6
0.3164556962025316,1.0,0.16666666666666666,0.3333333333333333,0.2962962962962963,0.30000000000000004,0.4444444444444444,0.4,0.4,0.2,0.2,0.11548260202776203,0.11971388874594763,0.17677303706100136,0.16482983045971844,0.23145034525805303,0.47203249117355145,0.006080777042228969,0.002281836095713245,0.0,0.006249281332646745,0.010307392204003906,0.009913258983890954
