LIMIT_BAL,SEX,EDUCATION,MARRIAGE,AGE,PAY_0,PAY_2,PAY_3,PAY_4,PAY_5,PAY_6,BILL_AMT1,BILL_AMT2,BILL_AMT3,BILL_AMT4,BILL_AMT5,BILL_AMT6,PAY_AMT1,PAY_AMT2,PAY_AMT3,PAY_AMT4,PAY_AMT5,PAY_AMT6
0.025316455696202535,1.0,0.3333333333333333,0.6666666666666666,0.03703703703703709,0.30000000000000004,0.4444444444444444,0.2,0.2,0.2,0.2,0.07611406828588337,0.08453275356352596,0.1320086689698088,0.12755673816244464,0.1876370493099741,0.43558889666170997,0.0,0.0016298829255094608,0.0036506709980603344,0.0026696929853066895,0.0077305441530029296,0.006215613382899629
