LIMIT_BAL,SEX,EDUCATION,MARRIAGE,AGE,PAY_0,PAY_2,PAY_3,PAY_4,PAY_5,PAY_6,BILL_AMT1,BILL_AMT2,BILL_AMT3,BILL_AMT4,BILL_AMT5,BILL_AMT6,PAY_AMT1,PAY_AMT2,PAY_AMT3,PAY_AMT4,PAY_AMT5,PAY_AMT6
0.012658227848101266,1.0,0.3333333333333333,0.6666666666666666,0.018518518518518545,0.2,0.2222222222222222,0.2,0.4,0.4,0.4,0.04762839118006709,0.06385401121803119,0.10997146106473832,0.10506373492026393,0.16563889896504283,0.4201834776382966,0.0030403885211144847,0.0036672365823962865,0.0,0.003999540052893917,0.0,0.0024783147459727386
