LIMIT_BAL,SEX,EDUCATION,MARRIAGE,AGE,PAY_0,PAY_2,PAY_3,PAY_4,PAY_5,PAY_6,BILL_AMT1,BILL_AMT2,BILL_AMT3,BILL_AMT4,BILL_AMT5,BILL_AMT6,PAY_AMT1,PAY_AMT2,PAY_AMT3,PAY_AMT4,PAY_AMT5,PAY_AMT6
0.05063291139240507,1.0,0.3333333333333333,0.6666666666666666,0.03703703703703709,0.30000000000000004,0.1111111111111111,0.1,0.4,0.4,0.2,0.024033956145211494,0.08710826943858385,0.1500910307854067,0.1429555983051965,0.20409930621595213,0.44986823310495294,0.06964719331600987,0.008510433695547649,0.0052591739864065725,2.499712533058698e-06,0.005156272950052954,0.00495910780669145
