LIMIT_BAL,SEX,EDUCATION,MARRIAGE,AGE,PAY_0,PAY_2,PAY_3,PAY_4,PAY_5,PAY_6,BILL_AMT1,BILL_AMT2,BILL_AMT3,BILL_AMT4,BILL_AMT5,BILL_AMT6,PAY_AMT1,PAY_AMT2,PAY_AMT3,PAY_AMT4,PAY_AMT5,PAY_AMT6
0.0759493670886076,1.0,0.16666666666666666,0.6666666666666666,0.05555555555555558,0.2,0.2222222222222222,0.4,0.4,0.4,0.4,0.10005384133601859,0.11063654608140791,0.16378278717613096,0.15321551212671475,0.22343408397956882,0.46164581480452915,0.010134628403714948,0.0015483887792339876,0.0,0.011498677652070011,0.0,0.005700123915737299
