LIMIT_BAL,SEX,EDUCATION,MARRIAGE,AGE,PAY_0,PAY_2,PAY_3,PAY_4,PAY_5,PAY_6,BILL_AMT1,BILL_AMT2,BILL_AMT3,BILL_AMT4,BILL_AMT5,BILL_AMT6,PAY_AMT1,PAY_AMT2,PAY_AMT3,PAY_AMT4,PAY_AMT5,PAY_AMT6
0.10126582278481013,1.0,0.16666666666666666,0.6666666666666666,0.18518518518518523,0.2,0.2222222222222222,0.4,0.4,0.4,0.4,0.14533393401218417,0.15014022538980087,0.21681667901868318,0.20459149122333892,0.26962807554174306,0.5026031138937029,0.01621540544594392,0.0033412599972943947,0.007884818570324697,0.0,0.018037936357006835,0.0076827757125154895
