LIMIT_BAL,SEX,EDUCATION,MARRIAGE,AGE,PAY_0,PAY_2,PAY_3,PAY_4,PAY_5,PAY_6,BILL_AMT1,BILL_AMT2,BILL_AMT3,BILL_AMT4,BILL_AMT5,BILL_AMT6,PAY_AMT1,PAY_AMT2,PAY_AMT3,PAY_AMT4,PAY_AMT5,PAY_AMT6
0.569620253164557,0.0,0.16666666666666666,0.3333333333333333,0.2962962962962963,0.4,0.2222222222222222,0.2,0.2,0.2,0.2,0.03520721065775904,0.05313513096279525,0.09040190545673026,0.08954501597118594,0.1487501756518727,0.40936792902750285,0.002580276391585826,0.0010496446040280927,0.0029515504181582114,0.002499712533058698,0.0012935777216024902,0.007434944237918216
