LIMIT_BAL,SEX,EDUCATION,MARRIAGE,AGE,PAY_0,PAY_2,PAY_3,PAY_4,PAY_5,PAY_6,BILL_AMT1,BILL_AMT2,BILL_AMT3,BILL_AMT4,BILL_AMT5,BILL_AMT6,PAY_AMT1,PAY_AMT2,PAY_AMT3,PAY_AMT4,PAY_AMT5,PAY_AMT6
0.05063291139240507,0.0,0.16666666666666666,0.6666666666666666,0.07407407407407407,0.2,0.2222222222222222,0.2,0.4,0.4,0.4,0.08958225088178923,0.10039494674008131,0.15472757613821495,0.14801064346200177,0.21252242625072304,0.4561255494193234,0.00810770272297196,0.0032597658510189215,0.005256545713549798,0.004999425066117396,0.005669065712202149,0.004213135068153655
