LIMIT_BAL,SEX,EDUCATION,MARRIAGE,AGE,PAY_0,PAY_2,PAY_3,PAY_4,PAY_5,PAY_6,BILL_AMT1,BILL_AMT2,BILL_AMT3,BILL_AMT4,BILL_AMT5,BILL_AMT6,PAY_AMT1,PAY_AMT2,PAY_AMT3,PAY_AMT4,PAY_AMT5,PAY_AMT6
0.30379746835443033,0.0,0.3333333333333333,0.3333333333333333,0.3148148148148149,0.4,0.2222222222222222,0.2,0.2,0.1,0.1,0.1304373078076216,0.07178896722070705,0.0987225979179287,0.11024912652894889,0.14173553854047183,0.4032020117154772,0.010296782458174388,0.0040975256747307846,0.0397578835044339,0.020067692215395228,0.012938354064075903,0.014949194547707559
