LIMIT_BAL,SEX,EDUCATION,MARRIAGE,AGE,PAY_0,PAY_2,PAY_3,PAY_4,PAY_5,PAY_6,BILL_AMT1,BILL_AMT2,BILL_AMT3,BILL_AMT4,BILL_AMT5,BILL_AMT6,PAY_AMT1,PAY_AMT2,PAY_AMT3,PAY_AMT4,PAY_AMT5,PAY_AMT6
0.0,1.0,0.5,0.3333333333333333,0.5740740740740741,0.1,0.4444444444444444,0.4,0.4,0.4,0.4,0.02789860247984089,0.047374311737765656,0.08334392470606879,0.08204934587056448,0.14037934268618282,0.40304968004490266,0.002432310816891588,0.0008964356090302034,0.0,0.001249856266529349,0.0,0.0012391573729863693
