LIMIT_BAL,SEX,EDUCATION,MARRIAGE,AGE,PAY_0,PAY_2,PAY_3,PAY_4,PAY_5,PAY_6,BILL_AMT1,BILL_AMT2,BILL_AMT3,BILL_AMT4,BILL_AMT5,BILL_AMT6,PAY_AMT1,PAY_AMT2,PAY_AMT3,PAY_AMT4,PAY_AMT5,PAY_AMT6
0.24050632911392406,0.0,0.3333333333333333,0.3333333333333333,0.5555555555555556,0.4,0.1111111111111111,0.1,0.1,0.1,0.1,0.024352608950219526,0.04614830443060773,0.07821880070447759,0.07583466676255371,0.13495782721084434,0.39646309296567495,0.005111906566833821,0.001027641184533715,0.0,0.0031521375041870183,0.0,0.012991325898389096
