LIMIT_BAL,SEX,EDUCATION,MARRIAGE,AGE,PAY_0,PAY_2,PAY_3,PAY_4,PAY_5,PAY_6,BILL_AMT1,BILL_AMT2,BILL_AMT3,BILL_AMT4,BILL_AMT5,BILL_AMT6,PAY_AMT1,PAY_AMT2,PAY_AMT3,PAY_AMT4,PAY_AMT5,PAY_AMT6
0.13924050632911392,1.0,0.16666666666666666,0.6666666666666666,0.16666666666666674,0.4,0.1111111111111111,0.1,0.1,0.1,0.1,0.02468224978298645,0.0434389955230793,0.07682404071048579,0.07645793255544968,0.13289738989487032,0.3989156328619254,0.0008432010831890838,0.0003390156485059678,0.001093361508418358,0.0,0.0021439375784328123,0.0010309789343246592
