LIMIT_BAL,SEX,EDUCATION,MARRIAGE,AGE,PAY_0,PAY_2,PAY_3,PAY_4,PAY_5,PAY_6,BILL_AMT1,BILL_AMT2,BILL_AMT3,BILL_AMT4,BILL_AMT5,BILL_AMT6,PAY_AMT1,PAY_AMT2,PAY_AMT3,PAY_AMT4,PAY_AMT5,PAY_AMT6
0.025316455696202535,0.0,0.3333333333333333,0.6666666666666666,0.33333333333333337,0.30000000000000004,0.4444444444444444,0.4,0.2,0.2,0.2,0.026576899712270643,0.046044100241856636,0.08149194753061458,0.0818785470715497,0.140760057907929,0.4052174768953868,0.00202692568074299,0.0008149414627547304,0.002628272856774899,0.002499712533058698,0.0038652720765014648,0.0
