LIMIT_BAL,SEX,EDUCATION,MARRIAGE,AGE,PAY_0,PAY_2,PAY_3,PAY_4,PAY_5,PAY_6,BILL_AMT1,BILL_AMT2,BILL_AMT3,BILL_AMT4,BILL_AMT5,BILL_AMT6,PAY_AMT1,PAY_AMT2,PAY_AMT3,PAY_AMT4,PAY_AMT5,PAY_AMT6
0.13924050632911392,0.0,0.16666666666666666,0.3333333333333333,0.38888888888888884,0.2,0.2222222222222222,0.4,0.4,0.4,0.2,0.036150611326772955,0.05524237122420625,0.09377738970254473,0.09367115537896357,0.15155733767316007,0.41209700949495015,0.00405385136148598,0.0011409180478566224,0.004468063856517328,0.0,0.0025768480510009765,0.0017348203221809171
