LIMIT_BAL,SEX,EDUCATION,MARRIAGE,AGE,PAY_0,PAY_2,PAY_3,PAY_4,PAY_5,PAY_6,BILL_AMT1,BILL_AMT2,BILL_AMT3,BILL_AMT4,BILL_AMT5,BILL_AMT6,PAY_AMT1,PAY_AMT2,PAY_AMT3,PAY_AMT4,PAY_AMT5,PAY_AMT6
0.569620253164557,0.0,0.16666666666666666,0.3333333333333333,0.35185185185185186,0.4,0.1111111111111111,0.1,0.1,0.1,0.1,0.024297668811425036,0.04639659342355787,0.07611593179045918,0.07979150560639567,0.1328810501857825,0.4243468193733075,0.005529453257066876,0.0,0.006975436161880582,0.0,0.05809503930981702,0.0
