LIMIT_BAL,SEX,EDUCATION,MARRIAGE,AGE,PAY_0,PAY_2,PAY_3,PAY_4,PAY_5,PAY_6,BILL_AMT1,BILL_AMT2,BILL_AMT3,BILL_AMT4,BILL_AMT5,BILL_AMT6,PAY_AMT1,PAY_AMT2,PAY_AMT3,PAY_AMT4,PAY_AMT5,PAY_AMT6
0.1139240506329114,0.0,0.16666666666666666,0.6666666666666666,0.11111111111111116,0.30000000000000004,0.4444444444444444,0.2,0.2,0.2,0.2,0.19475494343520283,0.17404801111511348,0.2399828997472926,0.21213210837633267,0.2967944758711516,0.5157469935001248,5.0673142018574744e-05,0.003994843050423688,0.010823227624199034,0.075036370817356,0.013038851138064942,0.009078066914498141
