LIMIT_BAL,SEX,EDUCATION,MARRIAGE,AGE,PAY_0,PAY_2,PAY_3,PAY_4,PAY_5,PAY_6,BILL_AMT1,BILL_AMT2,BILL_AMT3,BILL_AMT4,BILL_AMT5,BILL_AMT6,PAY_AMT1,PAY_AMT2,PAY_AMT3,PAY_AMT4,PAY_AMT5,PAY_AMT6
0.10126582278481013,1.0,0.3333333333333333,0.6666666666666666,0.05555555555555558,0.30000000000000004,0.4444444444444444,0.2,0.2,0.4,0.2,0.044650635657405846,0.0566999433952555,0.09201784632550893,0.10235492589729299,0.15821740309735527,0.40888632659207097,0.0,0.0008149414627547304,0.02628272856774899,0.0,0.0025768480510009765,0.007695167286245353
