LIMIT_BAL,SEX,EDUCATION,MARRIAGE,AGE,PAY_0,PAY_2,PAY_3,PAY_4,PAY_5,PAY_6,BILL_AMT1,BILL_AMT2,BILL_AMT3,BILL_AMT4,BILL_AMT5,BILL_AMT6,PAY_AMT1,PAY_AMT2,PAY_AMT3,PAY_AMT4,PAY_AMT5,PAY_AMT6
0.24050632911392406,0.0,0.3333333333333333,0.6666666666666666,0.35185185185185186,0.30000000000000004,0.4444444444444444,0.4,0.2,0.2,0.2,0.3281982616940085,0.2954677610250605,0.37643499345535697,0.2737919730557403,0.348981872726738,0.5597685027320098,0.014897903753460975,0.00021269972177898462,0.016311061349145024,0.012513560940491842,0.024237832767715187,1.4869888475836432e-05
