LIMIT_BAL,SEX,EDUCATION,MARRIAGE,AGE,PAY_0,PAY_2,PAY_3,PAY_4,PAY_5,PAY_6,BILL_AMT1,BILL_AMT2,BILL_AMT3,BILL_AMT4,BILL_AMT5,BILL_AMT6,PAY_AMT1,PAY_AMT2,PAY_AMT3,PAY_AMT4,PAY_AMT5,PAY_AMT6
0.34177215189873417,1.0,0.3333333333333333,0.3333333333333333,0.40740740740740744,0.4,0.1111111111111111,0.1,0.1,0.1,0.1,0.025040145544276256,0.04354577265476252,0.07884603005088811,0.08374534798007946,0.14419303078727988,0.3970724196479732,0.001011435914690752,0.0013373189403805125,0.013877280683771465,0.017285512166100896,0.0,0.0
