LIMIT_BAL,SEX,EDUCATION,MARRIAGE,AGE,PAY_0,PAY_2,PAY_3,PAY_4,PAY_5,PAY_6,BILL_AMT1,BILL_AMT2,BILL_AMT3,BILL_AMT4,BILL_AMT5,BILL_AMT6,PAY_AMT1,PAY_AMT2,PAY_AMT3,PAY_AMT4,PAY_AMT5,PAY_AMT6
0.12658227848101264,1.0,0.3333333333333333,0.3333333333333333,0.20370370370370372,0.30000000000000004,0.4444444444444444,0.2,0.2,0.2,0.2,0.14255082355268053,0.13776822930067412,0.2003139447939139,0.1900975650683495,0.2601183648526322,0.49080561189874394,0.0,0.0026999010661064218,0.007566797554654934,0.007439144498382686,0.007315671616791772,0.007273853779429988
