LIMIT_BAL,SEX,EDUCATION,MARRIAGE,AGE,PAY_0,PAY_2,PAY_3,PAY_4,PAY_5,PAY_6,BILL_AMT1,BILL_AMT2,BILL_AMT3,BILL_AMT4,BILL_AMT5,BILL_AMT6,PAY_AMT1,PAY_AMT2,PAY_AMT3,PAY_AMT4,PAY_AMT5,PAY_AMT6
0.025316455696202535,1.0,0.3333333333333333,0.6666666666666666,0.07407407407407407,0.2,0.2222222222222222,0.2,0.4,0.4,0.4,0.06431449619107867,0.07724360623681367,0.12310696406140906,0.12031277155510808,0.18304395708538806,0.4343749304254389,0.0029349883857158494,0.0018018355741507089,0.005256545713549798,0.004064532578753443,0.0027031136055000243,2.7261462205700124e-05
