LIMIT_BAL,SEX,EDUCATION,MARRIAGE,AGE,PAY_0,PAY_2,PAY_3,PAY_4,PAY_5,PAY_6,BILL_AMT1,BILL_AMT2,BILL_AMT3,BILL_AMT4,BILL_AMT5,BILL_AMT6,PAY_AMT1,PAY_AMT2,PAY_AMT3,PAY_AMT4,PAY_AMT5,PAY_AMT6
0.10126582278481013,0.0,0.3333333333333333,0.3333333333333333,0.2962962962962963,0.30000000000000004,0.4444444444444444,0.4,0.2,0.2,0.0,0.12069877577673582,0.12392965574023568,0.17700082034996095,0.16868928402342043,0.13343006441113323,0.39849847844096736,0.006080777042228969,0.0,0.007884818570324697,0.0008149062857771356,0.001226579672276465,0.0011796778190830237
