LIMIT_BAL,SEX,EDUCATION,MARRIAGE,AGE,PAY_0,PAY_2,PAY_3,PAY_4,PAY_5,PAY_6,BILL_AMT1,BILL_AMT2,BILL_AMT3,BILL_AMT4,BILL_AMT5,BILL_AMT6,PAY_AMT1,PAY_AMT2,PAY_AMT3,PAY_AMT4,PAY_AMT5,PAY_AMT6
0.26582278481012656,1.0,0.3333333333333333,0.3333333333333333,0.2962962962962963,0.4,0.2222222222222222,0.1,0.1,0.2,0.2,0.027710236289688363,0.04621262800391088,0.07616214868966838,0.07725349538243949,0.13392842553831172,0.39877853435840827,0.0020411141605081906,1.3039063404075686e-05,0.00414741456799079,0.0,0.0010307392204003906,2.4783147459727386e-06
