LIMIT_BAL,SEX,EDUCATION,MARRIAGE,AGE,PAY_0,PAY_2,PAY_3,PAY_4,PAY_5,PAY_6,BILL_AMT1,BILL_AMT2,BILL_AMT3,BILL_AMT4,BILL_AMT5,BILL_AMT6,PAY_AMT1,PAY_AMT2,PAY_AMT3,PAY_AMT4,PAY_AMT5,PAY_AMT6
0.10126582278481013,1.0,0.3333333333333333,0.6666666666666666,0.18518518518518523,0.2,0.2222222222222222,0.2,0.4,0.4,0.4,0.060788908998723815,0.0743490454381722,0.12020025122185929,0.1147393370609422,0.17692637000290848,0.4311560450479903,0.0028539113584861294,0.002167744290927583,0.0,0.003499597546282177,0.005153696102001953,0.002973977695167286
