LIMIT_BAL,SEX,EDUCATION,MARRIAGE,AGE,PAY_0,PAY_2,PAY_3,PAY_4,PAY_5,PAY_6,BILL_AMT1,BILL_AMT2,BILL_AMT3,BILL_AMT4,BILL_AMT5,BILL_AMT6,PAY_AMT1,PAY_AMT2,PAY_AMT3,PAY_AMT4,PAY_AMT5,PAY_AMT6
0.06329113924050633,0.0,0.3333333333333333,0.3333333333333333,0.2777777777777778,0.30000000000000004,0.4444444444444444,0.2,0.2,0.2,0.2,0.081393030764908,0.09096253795090825,0.13897091471496553,0.13400064723755417,0.19766472877716884,0.44530882902644825,0.0034457736572630826,0.0013299844672157199,0.0036480427252035597,0.0035970863350714664,0.0037235454336964112,0.003717472118959108
