LIMIT_BAL,SEX,EDUCATION,MARRIAGE,AGE,PAY_0,PAY_2,PAY_3,PAY_4,PAY_5,PAY_6,BILL_AMT1,BILL_AMT2,BILL_AMT3,BILL_AMT4,BILL_AMT5,BILL_AMT6,PAY_AMT1,PAY_AMT2,PAY_AMT3,PAY_AMT4,PAY_AMT5,PAY_AMT6
0.15189873417721517,0.0,0.3333333333333333,0.6666666666666666,0.2222222222222222,0.4,0.4444444444444444,0.1,0.1,0.0,0.0,0.02745594193298245,0.04547676632532291,0.0772928121167505,0.07583466676255371,0.13289738989487032,0.3979407101702482,2.635003384965887e-05,0.0005704590239283112,0.0,0.0,0.0,0.0
