LIMIT_BAL,SEX,EDUCATION,MARRIAGE,AGE,PAY_0,PAY_2,PAY_3,PAY_4,PAY_5,PAY_6,BILL_AMT1,BILL_AMT2,BILL_AMT3,BILL_AMT4,BILL_AMT5,BILL_AMT6,PAY_AMT1,PAY_AMT2,PAY_AMT3,PAY_AMT4,PAY_AMT5,PAY_AMT6
0.13924050632911392,1.0,0.5,0.6666666666666666,0.537037037037037,0.4,0.2222222222222222,0.1,0.2,0.2,0.2,0.2583897516234811,0.23528276642824064,0.27202276512406764,0.255693293300492,0.2973353202419584,0.49122979701219,0.006080777042228969,0.10186768284434129,0.010683929162789964,0.009998850132234793,0.0077305441530029296,0.007434944237918216
