LIMIT_BAL,SEX,EDUCATION,MARRIAGE,AGE,PAY_0,PAY_2,PAY_3,PAY_4,PAY_5,PAY_6,BILL_AMT1,BILL_AMT2,BILL_AMT3,BILL_AMT4,BILL_AMT5,BILL_AMT6,PAY_AMT1,PAY_AMT2,PAY_AMT3,PAY_AMT4,PAY_AMT5,PAY_AMT6
0.05063291139240507,1.0,0.16666666666666666,0.6666666666666666,0.03703703703703709,0.2,0.2222222222222222,0.2,0.4,0.4,0.4,0.04797058975884418,0.06462589409766892,0.10667355518545357,0.10409737329425936,0.1652614516851142,0.4206814850228673,0.004459236497634578,0.0017928712180604069,0.002628272856774899,0.0037495687995880472,0.0,0.007434944237918216
