LIMIT_BAL,SEX,EDUCATION,MARRIAGE,AGE,PAY_0,PAY_2,PAY_3,PAY_4,PAY_5,PAY_6,BILL_AMT1,BILL_AMT2,BILL_AMT3,BILL_AMT4,BILL_AMT5,BILL_AMT6,PAY_AMT1,PAY_AMT2,PAY_AMT3,PAY_AMT4,PAY_AMT5,PAY_AMT6
0.025316455696202535,0.0,0.3333333333333333,0.6666666666666666,0.2592592592592593,0.2,0.2222222222222222,0.4,0.4,0.4,0.2,0.05587883030874788,0.07471440333453405,0.11580304338281294,0.11415802185026039,0.17379568174168228,0.4278516195786037,0.010337320971789249,0.0,0.005122503797854278,0.0,0.0023500854225128906,0.005204460966542751
