LIMIT_BAL,SEX,EDUCATION,MARRIAGE,AGE,PAY_0,PAY_2,PAY_3,PAY_4,PAY_5,PAY_6,BILL_AMT1,BILL_AMT2,BILL_AMT3,BILL_AMT4,BILL_AMT5,BILL_AMT6,PAY_AMT1,PAY_AMT2,PAY_AMT3,PAY_AMT4,PAY_AMT5,PAY_AMT6
0.08860759493670886,1.0,0.16666666666666666,0.6666666666666666,0.42592592592592593,0.2,0.2222222222222222,0.4,0.4,0.5,0.4,0.0893766177908727,0.10580327278340967,0.1550874077106294,0.16123406626993403,0.22356480165227138,0.46525959074339024,0.01621540544594392,0.0,0.02628272856774899,0.0,0.0077305441530029296,0.006195786864931847
