LIMIT_BAL,SEX,EDUCATION,MARRIAGE,AGE,PAY_0,PAY_2,PAY_3,PAY_4,PAY_5,PAY_6,BILL_AMT1,BILL_AMT2,BILL_AMT3,BILL_AMT4,BILL_AMT5,BILL_AMT6,PAY_AMT1,PAY_AMT2,PAY_AMT3,PAY_AMT4,PAY_AMT5,PAY_AMT6
0.05063291139240507,1.0,0.3333333333333333,0.6666666666666666,0.42592592592592593,0.2,0.2222222222222222,0.4,0.5,0.4,0.2,0.049292292526414434,0.06729660886121547,0.11056402773674195,0.10614246417719926,0.16496080103789834,0.42123339438317975,0.006394950522744133,0.0020373536568868257,0.0,0.0,0.0018218315720576904,0.0017670384138785626
