LIMIT_BAL,SEX,EDUCATION,MARRIAGE,AGE,PAY_0,PAY_2,PAY_3,PAY_4,PAY_5,PAY_6,BILL_AMT1,BILL_AMT2,BILL_AMT3,BILL_AMT4,BILL_AMT5,BILL_AMT6,PAY_AMT1,PAY_AMT2,PAY_AMT3,PAY_AMT4,PAY_AMT5,PAY_AMT6
0.0379746835443038,0.0,0.16666666666666666,0.6666666666666666,0.12962962962962965,0.4,0.1111111111111111,0.1,0.1,0.1,0.4,0.026999153921862563,0.04533396799258993,0.07896982531662704,0.138326051910849,0.20188200769273507,0.44454717067357546,0.0038288626109235077,0.0013984395500871174,0.10962526085608103,0.006999195092564354,0.0,0.003717472118959108
