LIMIT_BAL,SEX,EDUCATION,MARRIAGE,AGE,PAY_0,PAY_2,PAY_3,PAY_4,PAY_5,PAY_6,BILL_AMT1,BILL_AMT2,BILL_AMT3,BILL_AMT4,BILL_AMT5,BILL_AMT6,PAY_AMT1,PAY_AMT2,PAY_AMT3,PAY_AMT4,PAY_AMT5,PAY_AMT6
0.05063291139240507,0.0,0.5,0.3333333333333333,0.6111111111111112,0.4,0.2222222222222222,0.2,0.1,0.2,0.2,0.11117686486452547,0.11099804456337159,0.16712195814399536,0.1267372035741896,0.1636601601945079,0.4204647053378189,0.006080777042228969,0.0032597658510189215,0.13951660805618196,0.0031696354919184292,0.0018244084201086913,0.0016456009913258984
