LIMIT_BAL,SEX,EDUCATION,MARRIAGE,AGE,PAY_0,PAY_2,PAY_3,PAY_4,PAY_5,PAY_6,BILL_AMT1,BILL_AMT2,BILL_AMT3,BILL_AMT4,BILL_AMT5,BILL_AMT6,PAY_AMT1,PAY_AMT2,PAY_AMT3,PAY_AMT4,PAY_AMT5,PAY_AMT6
0.05063291139240507,0.0,0.5,0.3333333333333333,0.16666666666666674,0.30000000000000004,0.4444444444444444,0.4,0.2,0.2,0.2,0.05146635230442488,0.0663111717182113,0.10521112044619116,0.10374678628575537,0.1639428371617272,0.4206978899720061,0.0026350033849658868,0.0,0.0034430374423751174,0.0016998045224799147,0.00187336853307771,0.014869888475836432
