LIMIT_BAL,SEX,EDUCATION,MARRIAGE,AGE,PAY_0,PAY_2,PAY_3,PAY_4,PAY_5,PAY_6,BILL_AMT1,BILL_AMT2,BILL_AMT3,BILL_AMT4,BILL_AMT5,BILL_AMT6,PAY_AMT1,PAY_AMT2,PAY_AMT3,PAY_AMT4,PAY_AMT5,PAY_AMT6
0.05063291139240507,1.0,0.3333333333333333,0.6666666666666666,0.03703703703703709,0.2,0.2222222222222222,0.2,0.4,0.4,0.4,0.09788919986751578,0.10444218597231514,0.16049808612519167,0.15331289740685472,0.21906974768221227,0.4551107861368805,0.003733597103928587,0.0033542990606984704,0.005256545713549798,0.004874439439464462,0.0,0.004671623296158612
