LIMIT_BAL,SEX,EDUCATION,MARRIAGE,AGE,PAY_0,PAY_2,PAY_3,PAY_4,PAY_5,PAY_6,BILL_AMT1,BILL_AMT2,BILL_AMT3,BILL_AMT4,BILL_AMT5,BILL_AMT6,PAY_AMT1,PAY_AMT2,PAY_AMT3,PAY_AMT4,PAY_AMT5,PAY_AMT6
0.025316455696202535,0.0,0.5,0.6666666666666666,0.2962962962962963,0.30000000000000004,0.4444444444444444,0.4,0.2,0.2,0.2,0.06185160825483434,0.07480316986569238,0.11529300688796859,0.11273619676021646,0.17363882053443921,0.42754461267329186,0.0028336421016786997,0.0,0.004457550765090228,0.002499712533058698,0.0038652720765014648,0.0012391573729863693
