LIMIT_BAL,SEX,EDUCATION,MARRIAGE,AGE,PAY_0,PAY_2,PAY_3,PAY_4,PAY_5,PAY_6,BILL_AMT1,BILL_AMT2,BILL_AMT3,BILL_AMT4,BILL_AMT5,BILL_AMT6,PAY_AMT1,PAY_AMT2,PAY_AMT3,PAY_AMT4,PAY_AMT5,PAY_AMT6
0.05063291139240507,0.0,0.3333333333333333,0.3333333333333333,0.6481481481481481,0.30000000000000004,0.4444444444444444,0.2,0.2,0.2,0.2,0.07447057327680255,0.08200097771831422,0.0938401126371858,0.09162756273110276,0.1493220654699464,0.41012724381621296,0.0,0.0009445171553327325,0.0009593195927228381,0.0011198712148102969,0.001546108830600586,0.0
