LIMIT_BAL,SEX,EDUCATION,MARRIAGE,AGE,PAY_0,PAY_2,PAY_3,PAY_4,PAY_5,PAY_6,BILL_AMT1,BILL_AMT2,BILL_AMT3,BILL_AMT4,BILL_AMT5,BILL_AMT6,PAY_AMT1,PAY_AMT2,PAY_AMT3,PAY_AMT4,PAY_AMT5,PAY_AMT6
0.20253164556962022,0.0,0.16666666666666666,0.6666666666666666,0.2407407407407407,0.30000000000000004,0.4444444444444444,0.4,0.4,0.2,0.2,0.06097256603412253,0.07233314465085165,0.11851498500426683,0.11323510904154906,0.17479240399603926,0.4287327997037734,0.0,0.0028547399440298203,0.0,0.0026946901106372767,0.0031308703819661866,0.0024783147459727386
