LIMIT_BAL,SEX,EDUCATION,MARRIAGE,AGE,PAY_0,PAY_2,PAY_3,PAY_4,PAY_5,PAY_6,BILL_AMT1,BILL_AMT2,BILL_AMT3,BILL_AMT4,BILL_AMT5,BILL_AMT6,PAY_AMT1,PAY_AMT2,PAY_AMT3,PAY_AMT4,PAY_AMT5,PAY_AMT6
0.025316455696202535,1.0,0.16666666666666666,0.3333333333333333,0.018518518518518545,0.2,0.2222222222222222,0.2,0.2,0.2,0.4,0.05931494356078028,0.07204240209952144,0.11329742720425724,0.1093816484181634,0.17154733777119832,0.42458469113582004,0.004061959064208952,0.0016331426913604797,0.0052591739864065725,0.005001924778650455,2.5768480510009766e-06,0.004215613382899629
