LIMIT_BAL,SEX,EDUCATION,MARRIAGE,AGE,PAY_0,PAY_2,PAY_3,PAY_4,PAY_5,PAY_6,BILL_AMT1,BILL_AMT2,BILL_AMT3,BILL_AMT4,BILL_AMT5,BILL_AMT6,PAY_AMT1,PAY_AMT2,PAY_AMT3,PAY_AMT4,PAY_AMT5,PAY_AMT6
0.05063291139240507,1.0,0.3333333333333333,0.6666666666666666,0.2222222222222222,0.30000000000000004,0.4444444444444444,0.2,0.2,0.2,0.2,0.10193907295579516,0.10526552771059539,0.14521184671175016,0.13596782989638206,0.1992790920350454,0.4471204041242042,4.864621633783176e-05,0.0016616656425568952,0.005164556163562676,0.0036370817356004056,0.005153696102001953,0.00465179677819083
