LIMIT_BAL,SEX,EDUCATION,MARRIAGE,AGE,PAY_0,PAY_2,PAY_3,PAY_4,PAY_5,PAY_6,BILL_AMT1,BILL_AMT2,BILL_AMT3,BILL_AMT4,BILL_AMT5,BILL_AMT6,PAY_AMT1,PAY_AMT2,PAY_AMT3,PAY_AMT4,PAY_AMT5,PAY_AMT6
0.0,0.0,0.3333333333333333,0.6666666666666666,0.09259259259259262,0.30000000000000004,0.1111111111111111,0.2,0.2,0.2,0.2,0.03523703530453319,0.053824679668604956,0.09179831605426525,0.08951205479944625,0.14838580013921432,0.4090995909308754,0.022606302117326563,0.0009388125650934494,0.003022513785291134,0.001249856266529349,0.0008890125775953369,0.0009591078066914498
