LIMIT_BAL,SEX,EDUCATION,MARRIAGE,AGE,PAY_0,PAY_2,PAY_3,PAY_4,PAY_5,PAY_6,BILL_AMT1,BILL_AMT2,BILL_AMT3,BILL_AMT4,BILL_AMT5,BILL_AMT6,PAY_AMT1,PAY_AMT2,PAY_AMT3,PAY_AMT4,PAY_AMT5,PAY_AMT6
0.08860759493670886,1.0,0.3333333333333333,0.6666666666666666,0.11111111111111116,0.30000000000000004,0.4444444444444444,0.2,0.2,0.2,0.2,0.11350946618591429,0.11394277774918954,0.14794854738635183,0.13430329072352767,0.19828400375159722,0.4328563008480186,0.0,0.0015483887792339876,0.0037268909109068066,0.004499482559505657,0.0033499024663012694,0.0024783147459727386
