LIMIT_BAL,SEX,EDUCATION,MARRIAGE,AGE,PAY_0,PAY_2,PAY_3,PAY_4,PAY_5,PAY_6,BILL_AMT1,BILL_AMT2,BILL_AMT3,BILL_AMT4,BILL_AMT5,BILL_AMT6,PAY_AMT1,PAY_AMT2,PAY_AMT3,PAY_AMT4,PAY_AMT5,PAY_AMT6
0.2531645569620253,1.0,0.3333333333333333,0.3333333333333333,0.2777777777777778,0.30000000000000004,0.4444444444444444,0.2,0.2,0.2,0.2,0.2876948216564609,0.2511218031184068,0.3461761293016792,0.3190027148019633,0.39890621987366137,0.5876662905246185,0.0,0.006519531702037843,0.02102618285419919,0.014998275198352189,0.015461088306005859,0.014869888475836432
