LIMIT_BAL,SEX,EDUCATION,MARRIAGE,AGE,PAY_0,PAY_2,PAY_3,PAY_4,PAY_5,PAY_6,BILL_AMT1,BILL_AMT2,BILL_AMT3,BILL_AMT4,BILL_AMT5,BILL_AMT6,PAY_AMT1,PAY_AMT2,PAY_AMT3,PAY_AMT4,PAY_AMT5,PAY_AMT6
0.05063291139240507,1.0,0.3333333333333333,0.6666666666666666,0.40740740740740744,0.30000000000000004,0.4444444444444444,0.2,0.2,0.2,0.2,0.10059539413270711,0.10379380435341945,0.1553828657448596,0.1122882244715725,0.17465024852697525,0.4292659605507844,0.0,0.0016298829255094608,0.002628272856774899,0.004999425066117396,0.005153696102001953,0.004956629491945477
