LIMIT_BAL,SEX,EDUCATION,MARRIAGE,AGE,PAY_0,PAY_2,PAY_3,PAY_4,PAY_5,PAY_6,BILL_AMT1,BILL_AMT2,BILL_AMT3,BILL_AMT4,BILL_AMT5,BILL_AMT6,PAY_AMT1,PAY_AMT2,PAY_AMT3,PAY_AMT4,PAY_AMT5,PAY_AMT6
0.27848101265822783,0.0,0.3333333333333333,0.3333333333333333,0.5925925925925926,0.4,0.4444444444444444,0.0,0.0,0.0,0.1,0.02614836662967364,0.04290382339319714,0.0761373896365206,0.07583466676255371,0.13289738989487032,0.3984914477484793,0.0,0.0,0.0,0.0,0.001211118583970459,0.0
