LIMIT_BAL,SEX,EDUCATION,MARRIAGE,AGE,PAY_0,PAY_2,PAY_3,PAY_4,PAY_5,PAY_6,BILL_AMT1,BILL_AMT2,BILL_AMT3,BILL_AMT4,BILL_AMT5,BILL_AMT6,PAY_AMT1,PAY_AMT2,PAY_AMT3,PAY_AMT4,PAY_AMT5,PAY_AMT6
0.1772151898734177,0.0,0.3333333333333333,0.6666666666666666,0.09259259259259262,0.30000000000000004,0.4444444444444444,0.2,0.2,0.2,0.2,0.26951277515198796,0.23414552565224106,0.32531745232644316,0.30447582747523416,0.3013810322121025,0.5110387730972895,0.0,0.004889648776528382,0.02628272856774899,0.009998850132234793,0.010307392204003906,0.01734820322180917
