LIMIT_BAL,SEX,EDUCATION,MARRIAGE,AGE,PAY_0,PAY_2,PAY_3,PAY_4,PAY_5,PAY_6,BILL_AMT1,BILL_AMT2,BILL_AMT3,BILL_AMT4,BILL_AMT5,BILL_AMT6,PAY_AMT1,PAY_AMT2,PAY_AMT3,PAY_AMT4,PAY_AMT5,PAY_AMT6
0.012658227848101266,0.0,0.5,1.0,0.7037037037037037,0.4,0.2222222222222222,0.2,0.2,0.2,0.2,0.048016111588131044,0.06389389183347914,0.10477040930016061,0.1028853011152862,0.1635425142890756,0.421726714639425,0.0032349733864658115,0.0013039063404075685,0.0034167547138073684,0.002499712533058698,0.005153696102001953,0.0
