LIMIT_BAL,SEX,EDUCATION,MARRIAGE,AGE,PAY_0,PAY_2,PAY_3,PAY_4,PAY_5,PAY_6,BILL_AMT1,BILL_AMT2,BILL_AMT3,BILL_AMT4,BILL_AMT5,BILL_AMT6,PAY_AMT1,PAY_AMT2,PAY_AMT3,PAY_AMT4,PAY_AMT5,PAY_AMT6
0.27848101265822783,1.0,0.16666666666666666,0.3333333333333333,0.16666666666666674,0.30000000000000004,0.4444444444444444,0.4,0.4,0.2,0.2,0.0337112691642977,0.05055961508773736,0.09049433925514866,0.08841684495664108,0.1507044048587759,0.40649354758196904,0.0,0.002444824388264191,0.0,0.006249281332646745,0.0,0.027846344485749693
