LIMIT_BAL,SEX,EDUCATION,MARRIAGE,AGE,PAY_0,PAY_2,PAY_3,PAY_4,PAY_5,PAY_6,BILL_AMT1,BILL_AMT2,BILL_AMT3,BILL_AMT4,BILL_AMT5,BILL_AMT6,PAY_AMT1,PAY_AMT2,PAY_AMT3,PAY_AMT4,PAY_AMT5,PAY_AMT6
0.08860759493670886,1.0,0.3333333333333333,0.6666666666666666,0.07407407407407407,0.2,0.2222222222222222,0.4,0.4,0.4,0.2,0.08185923708553551,0.09390598466526012,0.14333841169023454,0.13749153497180322,0.19831504919886406,0.4457236398832436,0.00790501015489766,0.0016298829255094608,0.004139529749420466,0.0,0.00438064168670166,0.009169764560099132
