LIMIT_BAL,SEX,EDUCATION,MARRIAGE,AGE,PAY_0,PAY_2,PAY_3,PAY_4,PAY_5,PAY_6,BILL_AMT1,BILL_AMT2,BILL_AMT3,BILL_AMT4,BILL_AMT5,BILL_AMT6,PAY_AMT1,PAY_AMT2,PAY_AMT3,PAY_AMT4,PAY_AMT5,PAY_AMT6
0.0759493670886076,0.0,0.16666666666666666,0.6666666666666666,0.18518518518518523,0.30000000000000004,0.4444444444444444,0.4,0.2,0.2,0.2,0.127283743840818,0.08726135954304534,0.13165048800093754,0.12939207613431378,0.19659120989009912,0.4487151995369117,0.006080777042228969,0.0,0.007884818570324697,0.009998850132234793,0.012884240255004883,0.0
