LIMIT_BAL,SEX,EDUCATION,MARRIAGE,AGE,PAY_0,PAY_2,PAY_3,PAY_4,PAY_5,PAY_6,BILL_AMT1,BILL_AMT2,BILL_AMT3,BILL_AMT4,BILL_AMT5,BILL_AMT6,PAY_AMT1,PAY_AMT2,PAY_AMT3,PAY_AMT4,PAY_AMT5,PAY_AMT6
0.45569620253164556,0.0,0.3333333333333333,0.6666666666666666,0.33333333333333337,0.30000000000000004,0.4444444444444444,0.2,0.2,0.2,0.2,0.5628318973027532,0.4730921628158288,0.6328397478538028,0.5854623253807015,0.6980944631261785,0.7754513997522852,1.0134628403714948e-05,0.01141325518588,0.03154978737272589,0.030901446333671628,0.030937637700317724,0.023680297397769518
