LIMIT_BAL,SEX,EDUCATION,MARRIAGE,AGE,PAY_0,PAY_2,PAY_3,PAY_4,PAY_5,PAY_6,BILL_AMT1,BILL_AMT2,BILL_AMT3,BILL_AMT4,BILL_AMT5,BILL_AMT6,PAY_AMT1,PAY_AMT2,PAY_AMT3,PAY_AMT4,PAY_AMT5,PAY_AMT6
0.13924050632911392,1.0,0.5,0.3333333333333333,0.5555555555555556,0.2,0.2222222222222222,0.2,0.4,0.4,0.4,0.0656205017761362,0.07967889672207071,0.13197400629540193,0.12712824292982866,0.18965173544050223,0.43929524338499715,0.0056753919060803714,0.004889648776528382,0.0031539274281298787,0.0032496262929763075,0.003092217661201172,0.0
