LIMIT_BAL,SEX,EDUCATION,MARRIAGE,AGE,PAY_0,PAY_2,PAY_3,PAY_4,PAY_5,PAY_6,BILL_AMT1,BILL_AMT2,BILL_AMT3,BILL_AMT4,BILL_AMT5,BILL_AMT6,PAY_AMT1,PAY_AMT2,PAY_AMT3,PAY_AMT4,PAY_AMT5,PAY_AMT6
0.05063291139240507,0.0,0.3333333333333333,0.6666666666666666,0.07407407407407407,0.30000000000000004,0.4444444444444444,0.2,0.2,0.2,0.2,0.048345752420897975,0.06340245973344312,0.1044749512659304,0.10336623457566986,0.16405394718352434,0.42109512409758126,0.00202692568074299,0.0012224121941320956,0.003942409285162349,0.002499712533058698,0.0025768480510009765,0.006195786864931847
