LIMIT_BAL,SEX,EDUCATION,MARRIAGE,AGE,PAY_0,PAY_2,PAY_3,PAY_4,PAY_5,PAY_6,BILL_AMT1,BILL_AMT2,BILL_AMT3,BILL_AMT4,BILL_AMT5,BILL_AMT6,PAY_AMT1,PAY_AMT2,PAY_AMT3,PAY_AMT4,PAY_AMT5,PAY_AMT6
0.0759493670886076,1.0,0.5,0.3333333333333333,0.5,0.30000000000000004,0.4444444444444444,0.2,0.2,0.2,0.2,0.03896982530605582,0.05476123089589873,0.09356281124193061,0.0931782360379473,0.15313085165831708,0.41338479800234584,0.0,0.0012224121941320956,0.0031539274281298787,0.002499712533058698,0.0025768480510009765,0.0012391573729863693
