LIMIT_BAL,SEX,EDUCATION,MARRIAGE,AGE,PAY_0,PAY_2,PAY_3,PAY_4,PAY_5,PAY_6,BILL_AMT1,BILL_AMT2,BILL_AMT3,BILL_AMT4,BILL_AMT5,BILL_AMT6,PAY_AMT1,PAY_AMT2,PAY_AMT3,PAY_AMT4,PAY_AMT5,PAY_AMT6
0.05063291139240507,1.0,0.5,0.6666666666666666,0.11111111111111116,0.2,0.2222222222222222,0.2,0.4,0.4,0.4,0.08994328607958157,0.09788246796686051,0.15176969458882641,0.14590262670574064,0.2078737790152384,0.45500766931372233,0.0034863121708779425,0.003100852265781749,0.005256545713549798,0.0,0.009227692870634498,0.0
