LIMIT_BAL,SEX,EDUCATION,MARRIAGE,AGE,PAY_0,PAY_2,PAY_3,PAY_4,PAY_5,PAY_6,BILL_AMT1,BILL_AMT2,BILL_AMT3,BILL_AMT4,BILL_AMT5,BILL_AMT6,PAY_AMT1,PAY_AMT2,PAY_AMT3,PAY_AMT4,PAY_AMT5,PAY_AMT6
0.620253164556962,0.0,0.16666666666666666,0.3333333333333333,0.33333333333333337,0.4,0.2222222222222222,0.2,0.4,0.4,0.4,0.04879312212251023,0.06537462049091752,0.27581420146276486,0.25126001570150364,0.3310702836246704,0.5357223626407749,0.006088884744951941,0.08638379505200142,0.0,0.020017697964734054,0.00020099414797807618,0.02614374225526642
