LIMIT_BAL,SEX,EDUCATION,MARRIAGE,AGE,PAY_0,PAY_2,PAY_3,PAY_4,PAY_5,PAY_6,BILL_AMT1,BILL_AMT2,BILL_AMT3,BILL_AMT4,BILL_AMT5,BILL_AMT6,PAY_AMT1,PAY_AMT2,PAY_AMT3,PAY_AMT4,PAY_AMT5,PAY_AMT6
0.620253164556962,0.0,0.5,0.3333333333333333,0.6296296296296295,0.4,0.2222222222222222,0.2,0.2,0.2,0.2,0.9876164927157225,0.7022538980085422,0.6278136600648028,0.2938009025368116,0.33867315026323275,0.505020500327513,0.07560432789171352,0.008964356090302035,0.011827227855487045,0.009998850132234793,0.010307392204003906,0.24783147459727387
