LIMIT_BAL,SEX,EDUCATION,MARRIAGE,AGE,PAY_0,PAY_2,PAY_3,PAY_4,PAY_5,PAY_6,BILL_AMT1,BILL_AMT2,BILL_AMT3,BILL_AMT4,BILL_AMT5,BILL_AMT6,PAY_AMT1,PAY_AMT2,PAY_AMT3,PAY_AMT4,PAY_AMT5,PAY_AMT6
0.025316455696202535,1.0,0.3333333333333333,0.3333333333333333,0.2962962962962963,0.2,0.2222222222222222,0.2,0.4,0.4,0.4,0.06510563418971929,0.07820717336489477,0.12592784551671318,0.11985730809106872,0.18639196347748227,0.43677708369219154,0.00405385136148598,0.002852295119641556,0.0,0.009998850132234793,0.002963375258651123,0.0024783147459727386
