LIMIT_BAL,SEX,EDUCATION,MARRIAGE,AGE,PAY_0,PAY_2,PAY_3,PAY_4,PAY_5,PAY_6,BILL_AMT1,BILL_AMT2,BILL_AMT3,BILL_AMT4,BILL_AMT5,BILL_AMT6,PAY_AMT1,PAY_AMT2,PAY_AMT3,PAY_AMT4,PAY_AMT5,PAY_AMT6
0.05063291139240507,1.0,0.16666666666666666,0.6666666666666666,0.16666666666666674,0.2,0.2222222222222222,0.2,0.4,0.4,0.4,0.055313731738290295,0.08935187567539753,0.12500185692898608,0.1174316654980433,0.1797204602569256,0.4320243355702653,0.05679243064873783,0.010594239015811495,0.0,0.004999425066117396,0.0025768480510009765,0.012391573729863693
