LIMIT_BAL,SEX,EDUCATION,MARRIAGE,AGE,PAY_0,PAY_2,PAY_3,PAY_4,PAY_5,PAY_6,BILL_AMT1,BILL_AMT2,BILL_AMT3,BILL_AMT4,BILL_AMT5,BILL_AMT6,PAY_AMT1,PAY_AMT2,PAY_AMT3,PAY_AMT4,PAY_AMT5,PAY_AMT6
0.12658227848101264,1.0,0.5,0.6666666666666666,0.14814814814814814,0.30000000000000004,0.4444444444444444,0.4,0.4,0.4,0.1,0.03418061492142775,0.05180620593835229,0.0864404569530849,0.08589082061331751,0.13432057855641938,0.4171473902655375,0.0022579952083476907,0.0,0.002628272856774899,0.0,0.042237116403957005,0.0020619578686493184
