LIMIT_BAL,SEX,EDUCATION,MARRIAGE,AGE,PAY_0,PAY_2,PAY_3,PAY_4,PAY_5,PAY_6,BILL_AMT1,BILL_AMT2,BILL_AMT3,BILL_AMT4,BILL_AMT5,BILL_AMT6,PAY_AMT1,PAY_AMT2,PAY_AMT3,PAY_AMT4,PAY_AMT5,PAY_AMT6
0.05063291139240507,0.0,0.16666666666666666,0.3333333333333333,0.37037037037037035,0.2,0.2222222222222222,0.2,0.4,0.4,0.4,0.07800243934216247,0.08857741985282766,0.14039703617627786,0.13277658917794838,0.20537543749571086,0.4489319792219601,0.00405385136148598,0.0032597658510189215,0.0,0.017497987731410886,0.0,0.004956629491945477
