LIMIT_BAL,SEX,EDUCATION,MARRIAGE,AGE,PAY_0,PAY_2,PAY_3,PAY_4,PAY_5,PAY_6,BILL_AMT1,BILL_AMT2,BILL_AMT3,BILL_AMT4,BILL_AMT5,BILL_AMT6,PAY_AMT1,PAY_AMT2,PAY_AMT3,PAY_AMT4,PAY_AMT5,PAY_AMT6
0.012658227848101266,1.0,0.5,0.3333333333333333,0.2777777777777778,0.30000000000000004,0.4444444444444444,0.2,0.2,0.2,0.2,0.05105351640434058,0.06546981937940617,0.10634343447681646,0.10445095677292149,0.1364921258941906,0.3979407101702482,0.0018242331126686908,0.0009779297553056765,0.002628272856774899,0.0002499712533058698,0.0,0.0
