LIMIT_BAL,SEX,EDUCATION,MARRIAGE,AGE,PAY_0,PAY_2,PAY_3,PAY_4,PAY_5,PAY_6,BILL_AMT1,BILL_AMT2,BILL_AMT3,BILL_AMT4,BILL_AMT5,BILL_AMT6,PAY_AMT1,PAY_AMT2,PAY_AMT3,PAY_AMT4,PAY_AMT5,PAY_AMT6
0.05063291139240507,0.0,0.3333333333333333,0.6666666666666666,0.07407407407407407,0.30000000000000004,0.4444444444444444,0.2,0.2,0.2,0.2,0.058059168959763416,0.06678845263212063,0.10901411100969069,0.1051761025511947,0.16313892347460646,0.42143142555492663,0.0,0.0016298829255094608,0.003942409285162349,0.002499712533058698,0.005153696102001953,0.0016753407682775713
