LIMIT_BAL,SEX,EDUCATION,MARRIAGE,AGE,PAY_0,PAY_2,PAY_3,PAY_4,PAY_5,PAY_6,BILL_AMT1,BILL_AMT2,BILL_AMT3,BILL_AMT4,BILL_AMT5,BILL_AMT6,PAY_AMT1,PAY_AMT2,PAY_AMT3,PAY_AMT4,PAY_AMT5,PAY_AMT6
0.1139240506329114,1.0,0.16666666666666666,0.3333333333333333,0.33333333333333337,0.2,0.2222222222222222,0.2,0.4,0.4,0.4,0.028735262307768378,0.04790176503885144,0.08818349429468886,0.0863702558386221,0.1458270016960618,0.40689546883586963,0.002229618248817289,0.002852295119641556,0.0,0.002499712533058698,0.0,0.012391573729863693
