LIMIT_BAL,SEX,EDUCATION,MARRIAGE,AGE,PAY_0,PAY_2,PAY_3,PAY_4,PAY_5,PAY_6,BILL_AMT1,BILL_AMT2,BILL_AMT3,BILL_AMT4,BILL_AMT5,BILL_AMT6,PAY_AMT1,PAY_AMT2,PAY_AMT3,PAY_AMT4,PAY_AMT5,PAY_AMT6
0.1772151898734177,1.0,0.16666666666666666,0.3333333333333333,0.38888888888888884,0.2,0.2222222222222222,0.2,0.4,0.4,0.4,0.1935085871436936,0.1834302475171101,0.13790957663669723,0.1304393424545885,0.1969376117227609,0.4428164485394322,0.010181247694372038,0.004959733742325289,0.0,0.01299850517190523,0.0,0.006862453531598514
