LIMIT_BAL,SEX,EDUCATION,MARRIAGE,AGE,PAY_0,PAY_2,PAY_3,PAY_4,PAY_5,PAY_6,BILL_AMT1,BILL_AMT2,BILL_AMT3,BILL_AMT4,BILL_AMT5,BILL_AMT6,PAY_AMT1,PAY_AMT2,PAY_AMT3,PAY_AMT4,PAY_AMT5,PAY_AMT6
0.16455696202531644,1.0,0.16666666666666666,0.6666666666666666,0.12962962962962965,0.2,0.2222222222222222,0.5,0.4,0.4,0.2,0.0986646406836437,0.11445865280708076,0.16555718598505545,0.1576368038450705,0.21970046045300212,0.4616774529207254,0.01932065558884218,0.0,0.004993718427872308,0.0,0.005473225260326074,0.006014869888475836
