LIMIT_BAL,SEX,EDUCATION,MARRIAGE,AGE,PAY_0,PAY_2,PAY_3,PAY_4,PAY_5,PAY_6,BILL_AMT1,BILL_AMT2,BILL_AMT3,BILL_AMT4,BILL_AMT5,BILL_AMT6,PAY_AMT1,PAY_AMT2,PAY_AMT3,PAY_AMT4,PAY_AMT5,PAY_AMT6
0.10126582278481013,1.0,0.3333333333333333,0.6666666666666666,0.05555555555555558,0.2,0.2222222222222222,0.4,0.4,0.4,0.4,0.0662986200606853,0.08120593835228734,0.12580570085451748,0.12216309187776798,0.18863540553523986,0.43810939991867826,0.007296932450674763,0.0008964356090302034,0.004284084756543085,0.009998850132234793,0.003092217661201172,0.0
