LIMIT_BAL,SEX,EDUCATION,MARRIAGE,AGE,PAY_0,PAY_2,PAY_3,PAY_4,PAY_5,PAY_6,BILL_AMT1,BILL_AMT2,BILL_AMT3,BILL_AMT4,BILL_AMT5,BILL_AMT6,PAY_AMT1,PAY_AMT2,PAY_AMT3,PAY_AMT4,PAY_AMT5,PAY_AMT6
0.05063291139240507,0.0,0.3333333333333333,0.6666666666666666,0.2962962962962963,0.30000000000000004,0.4444444444444444,0.2,0.2,0.2,0.2,0.06912882206772707,0.07890572737096692,0.124004892388902,0.12037869389858746,0.1825701055218413,0.4371098698032929,0.0,0.0012077432478025103,0.003188094975267952,0.0032496262929763075,0.009542068332856616,0.0
