LIMIT_BAL,SEX,EDUCATION,MARRIAGE,AGE,PAY_0,PAY_2,PAY_3,PAY_4,PAY_5,PAY_6,BILL_AMT1,BILL_AMT2,BILL_AMT3,BILL_AMT4,BILL_AMT5,BILL_AMT6,PAY_AMT1,PAY_AMT2,PAY_AMT3,PAY_AMT4,PAY_AMT5,PAY_AMT6
0.06329113924050633,1.0,0.3333333333333333,0.6666666666666666,0.03703703703703709,0.30000000000000004,0.4444444444444444,0.4,0.2,0.2,0.2,0.09468854435317405,0.10169299644933877,0.1406231688616943,0.15255179398668367,0.2219814838416617,0.46351832257051484,0.003595766157638064,0.0,0.03379433239241165,0.010413802412722536,0.006055592919852295,0.008178438661710037
