LIMIT_BAL,SEX,EDUCATION,MARRIAGE,AGE,PAY_0,PAY_2,PAY_3,PAY_4,PAY_5,PAY_6,BILL_AMT1,BILL_AMT2,BILL_AMT3,BILL_AMT4,BILL_AMT5,BILL_AMT6,PAY_AMT1,PAY_AMT2,PAY_AMT3,PAY_AMT4,PAY_AMT5,PAY_AMT6
0.025316455696202535,1.0,0.3333333333333333,0.3333333333333333,0.42592592592592593,0.1,0.4444444444444444,0.4,0.4,0.4,0.4,0.03713168523381738,0.0552024906087583,0.09141867723933257,0.09245908319999041,0.15114067509142068,0.41063931258575975,0.0030403885211144847,0.0,0.005256545713549798,0.0009798873129590097,0.0,0.004956629491945477
