LIMIT_BAL,SEX,EDUCATION,MARRIAGE,AGE,PAY_0,PAY_2,PAY_3,PAY_4,PAY_5,PAY_6,BILL_AMT1,BILL_AMT2,BILL_AMT3,BILL_AMT4,BILL_AMT5,BILL_AMT6,PAY_AMT1,PAY_AMT2,PAY_AMT3,PAY_AMT4,PAY_AMT5,PAY_AMT6
0.24050632911392406,1.0,0.16666666666666666,0.3333333333333333,0.11111111111111116,0.30000000000000004,0.0,0.1,0.4,0.2,0.2,0.022622779437318795,0.04612000205835435,0.07721523375022077,0.07681301426919089,0.13396437289830493,0.3979407101702482,0.014293879900599564,0.000532156775178839,0.0,0.0,0.0,0.0032218091697645604
