LIMIT_BAL,SEX,EDUCATION,MARRIAGE,AGE,PAY_0,PAY_2,PAY_3,PAY_4,PAY_5,PAY_6,BILL_AMT1,BILL_AMT2,BILL_AMT3,BILL_AMT4,BILL_AMT5,BILL_AMT6,PAY_AMT1,PAY_AMT2,PAY_AMT3,PAY_AMT4,PAY_AMT5,PAY_AMT6
0.025316455696202535,0.0,0.3333333333333333,0.6666666666666666,0.20370370370370372,0.1,0.4444444444444444,0.4,0.4,0.4,0.4,0.051621754411300715,0.06604487212473628,0.10976678622538333,0.10690506583244938,0.16925814452799484,0.426939973119319,0.00202692568074299,0.002444824388264191,0.002628272856774899,0.0054243761967373745,0.0077305441530029296,0.0
