LIMIT_BAL,SEX,EDUCATION,MARRIAGE,AGE,PAY_0,PAY_2,PAY_3,PAY_4,PAY_5,PAY_6,BILL_AMT1,BILL_AMT2,BILL_AMT3,BILL_AMT4,BILL_AMT5,BILL_AMT6,PAY_AMT1,PAY_AMT2,PAY_AMT3,PAY_AMT4,PAY_AMT5,PAY_AMT6
0.15189873417721517,0.0,0.5,0.6666666666666666,0.6111111111111112,0.4,0.2222222222222222,0.2,0.2,0.2,0.2,0.17830900531663574,0.16392862656306284,0.22940748284610268,0.2186928797876102,0.2889824609562651,0.5115801364188699,0.008715780427194855,0.0035042482898453406,0.01944921914013425,0.008998965119011314,0.010307392204003906,0.009913258983890954
