LIMIT_BAL,SEX,EDUCATION,MARRIAGE,AGE,PAY_0,PAY_2,PAY_3,PAY_4,PAY_5,PAY_6,BILL_AMT1,BILL_AMT2,BILL_AMT3,BILL_AMT4,BILL_AMT5,BILL_AMT6,PAY_AMT1,PAY_AMT2,PAY_AMT3,PAY_AMT4,PAY_AMT5,PAY_AMT6
0.05063291139240507,1.0,0.3333333333333333,0.3333333333333333,0.4444444444444444,0.2,0.2222222222222222,0.2,0.4,0.4,0.4,0.06580729824803745,0.07151623526990172,0.11477141616832195,0.09887602404367654,0.16020921363516044,0.4109861600818372,0.00405385136148598,0.0016298829255094608,0.0,0.0037495687995880472,0.0,0.0024783147459727386
