LIMIT_BAL,SEX,EDUCATION,MARRIAGE,AGE,PAY_0,PAY_2,PAY_3,PAY_4,PAY_5,PAY_6,BILL_AMT1,BILL_AMT2,BILL_AMT3,BILL_AMT4,BILL_AMT5,BILL_AMT6,PAY_AMT1,PAY_AMT2,PAY_AMT3,PAY_AMT4,PAY_AMT5,PAY_AMT6
0.012658227848101266,1.0,0.3333333333333333,0.3333333333333333,0.33333333333333337,0.2,0.2222222222222222,0.4,0.4,0.2,0.1,0.048044366516653926,0.06105850872227654,0.09465881199460584,0.0917998597651966,0.14585151125969353,0.398620343777427,0.0038167010568390496,0.002868593948896651,0.0,0.002499712533058698,0.0014945718695805665,0.0
