LIMIT_BAL,SEX,EDUCATION,MARRIAGE,AGE,PAY_0,PAY_2,PAY_3,PAY_4,PAY_5,PAY_6,BILL_AMT1,BILL_AMT2,BILL_AMT3,BILL_AMT4,BILL_AMT5,BILL_AMT6,PAY_AMT1,PAY_AMT2,PAY_AMT3,PAY_AMT4,PAY_AMT5,PAY_AMT6
0.1772151898734177,1.0,0.3333333333333333,0.6666666666666666,0.11111111111111116,0.4,0.4444444444444444,0.1,0.1,0.1,0.0,0.02492869554843601,0.04290382339319714,0.07650052241602143,0.07687294367235396,0.13289738989487032,0.3979407101702482,0.0,0.00017928712180604068,0.001821393089745005,0.0,0.0,0.0
