LIMIT_BAL,SEX,EDUCATION,MARRIAGE,AGE,PAY_0,PAY_2,PAY_3,PAY_4,PAY_5,PAY_6,BILL_AMT1,BILL_AMT2,BILL_AMT3,BILL_AMT4,BILL_AMT5,BILL_AMT6,PAY_AMT1,PAY_AMT2,PAY_AMT3,PAY_AMT4,PAY_AMT5,PAY_AMT6
0.05063291139240507,1.0,0.16666666666666666,0.6666666666666666,0.12962962962962965,0.30000000000000004,0.4444444444444444,0.2,0.2,0.2,0.2,0.09279860357864367,0.09974527864971955,0.08319041857655252,0.08332434392285887,0.1422535073185557,0.3996667451760661,0.0030403885211144847,0.0010594239015811495,0.006281572127692008,0.005499367572729136,0.0,0.0081363073110285
