LIMIT_BAL,SEX,EDUCATION,MARRIAGE,AGE,PAY_0,PAY_2,PAY_3,PAY_4,PAY_5,PAY_6,BILL_AMT1,BILL_AMT2,BILL_AMT3,BILL_AMT4,BILL_AMT5,BILL_AMT6,PAY_AMT1,PAY_AMT2,PAY_AMT3,PAY_AMT4,PAY_AMT5,PAY_AMT6
0.12658227848101264,0.0,0.3333333333333333,0.3333333333333333,0.2592592592592593,0.30000000000000004,0.4444444444444444,0.2,0.2,0.2,0.2,0.20113898756312232,0.1819366541450111,0.25822041829594994,0.23912131509082302,0.21237536886893266,0.4529933759158941,0.0,0.005139835805594084,0.01338579365955456,0.005019422766381866,0.005179464582511963,0.007434944237918216
