LIMIT_BAL,SEX,EDUCATION,MARRIAGE,AGE,PAY_0,PAY_2,PAY_3,PAY_4,PAY_5,PAY_6,BILL_AMT1,BILL_AMT2,BILL_AMT3,BILL_AMT4,BILL_AMT5,BILL_AMT6,PAY_AMT1,PAY_AMT2,PAY_AMT3,PAY_AMT4,PAY_AMT5,PAY_AMT6
0.06329113924050633,1.0,0.3333333333333333,0.3333333333333333,0.38888888888888884,0.2,0.2222222222222222,0.2,0.4,0.4,0.4,0.11219404229134912,0.11754747079709774,0.17737055554363454,0.1590855971665378,0.2298425178838116,0.4689143790550983,0.0055943148788506515,0.004026625767471123,0.0,0.011686156092049415,0.006083938248413306,0.0
