LIMIT_BAL,SEX,EDUCATION,MARRIAGE,AGE,PAY_0,PAY_2,PAY_3,PAY_4,PAY_5,PAY_6,BILL_AMT1,BILL_AMT2,BILL_AMT3,BILL_AMT4,BILL_AMT5,BILL_AMT6,PAY_AMT1,PAY_AMT2,PAY_AMT3,PAY_AMT4,PAY_AMT5,PAY_AMT6
0.3291139240506329,0.0,0.3333333333333333,0.6666666666666666,0.18518518518518523,0.30000000000000004,0.4444444444444444,0.4,0.4,0.4,0.2,0.050111685453577935,0.06465934235578655,0.10038805689300292,0.09667062200727543,0.1503155197824858,0.410458858145233,0.005067314201857474,0.0,0.002628272856774899,0.0,0.005153696102001953,0.0024783147459727386
