LIMIT_BAL,SEX,EDUCATION,MARRIAGE,AGE,PAY_0,PAY_2,PAY_3,PAY_4,PAY_5,PAY_6,BILL_AMT1,BILL_AMT2,BILL_AMT3,BILL_AMT4,BILL_AMT5,BILL_AMT6,PAY_AMT1,PAY_AMT2,PAY_AMT3,PAY_AMT4,PAY_AMT5,PAY_AMT6
0.0759493670886076,1.0,0.5,0.3333333333333333,0.3148148148148149,0.30000000000000004,0.4444444444444444,0.2,0.2,0.2,0.2,0.11667401818047678,0.11674728554520661,0.11223278791890255,0.09608181562119822,0.15626807580317842,0.41459290532821025,0.00010134628403714949,0.0011238042771387733,0.003942409285162349,0.002499712533058698,0.0025768480510009765,0.0024783147459727386
