LIMIT_BAL,SEX,EDUCATION,MARRIAGE,AGE,PAY_0,PAY_2,PAY_3,PAY_4,PAY_5,PAY_6,BILL_AMT1,BILL_AMT2,BILL_AMT3,BILL_AMT4,BILL_AMT5,BILL_AMT6,PAY_AMT1,PAY_AMT2,PAY_AMT3,PAY_AMT4,PAY_AMT5,PAY_AMT6
0.16455696202531644,0.0,0.16666666666666666,0.6666666666666666,0.20370370370370372,0.2,0.2222222222222222,0.4,0.4,0.4,0.4,0.07532450000549401,0.09089306849174086,0.1373978895383097,0.13379688726679972,0.20044247932209816,0.445567792866425,0.010945398676012144,0.0004889648776528383,0.0063078548562597574,0.008748993865705443,0.0,0.0038141263940520446
