LIMIT_BAL,SEX,EDUCATION,MARRIAGE,AGE,PAY_0,PAY_2,PAY_3,PAY_4,PAY_5,PAY_6,BILL_AMT1,BILL_AMT2,BILL_AMT3,BILL_AMT4,BILL_AMT5,BILL_AMT6,PAY_AMT1,PAY_AMT2,PAY_AMT3,PAY_AMT4,PAY_AMT5,PAY_AMT6
0.012658227848101266,1.0,0.3333333333333333,0.3333333333333333,0.462962962962963,0.30000000000000004,0.4444444444444444,0.4,0.1,0.2,0.1,0.030976819970583477,0.04642232285287912,0.07578911228890844,0.07862587871487388,0.1335346385492953,0.3983977051819719,0.0,0.0,0.005921498746313847,0.0,0.001004970739890381,0.004299876084262701
