LIMIT_BAL,SEX,EDUCATION,MARRIAGE,AGE,PAY_0,PAY_2,PAY_3,PAY_4,PAY_5,PAY_6,BILL_AMT1,BILL_AMT2,BILL_AMT3,BILL_AMT4,BILL_AMT5,BILL_AMT6,PAY_AMT1,PAY_AMT2,PAY_AMT3,PAY_AMT4,PAY_AMT5,PAY_AMT6
0.6835443037974683,1.0,0.3333333333333333,0.3333333333333333,0.20370370370370372,0.4,0.2222222222222222,0.2,0.2,0.2,0.2,0.8850997634434595,0.7462705192198837,0.9600504424442797,0.8968974547982477,1.0,0.5796641906911287,0.04275597030959263,0.0186320066629614,0.4405563527983221,0.03499597546282177,0.011080446619304199,0.39173234200743495
