LIMIT_BAL,SEX,EDUCATION,MARRIAGE,AGE,PAY_0,PAY_2,PAY_3,PAY_4,PAY_5,PAY_6,BILL_AMT1,BILL_AMT2,BILL_AMT3,BILL_AMT4,BILL_AMT5,BILL_AMT6,PAY_AMT1,PAY_AMT2,PAY_AMT3,PAY_AMT4,PAY_AMT5,PAY_AMT6
0.08860759493670886,0.0,0.3333333333333333,0.6666666666666666,0.05555555555555558,0.4,0.4444444444444444,0.0,0.1,0.2,0.2,0.026273944089775327,0.04290382339319714,0.0761373896365206,0.07714112775150872,0.17026957252053085,0.42212746411124424,0.0,0.0,0.0022918539311077117,0.05499367572729136,0.005158849798103955,0.00495910780669145
