LIMIT_BAL,SEX,EDUCATION,MARRIAGE,AGE,PAY_0,PAY_2,PAY_3,PAY_4,PAY_5,PAY_6,BILL_AMT1,BILL_AMT2,BILL_AMT3,BILL_AMT4,BILL_AMT5,BILL_AMT6,PAY_AMT1,PAY_AMT2,PAY_AMT3,PAY_AMT4,PAY_AMT5,PAY_AMT6
0.18987341772151897,1.0,0.3333333333333333,0.6666666666666666,0.38888888888888884,0.30000000000000004,0.4444444444444444,0.4,0.2,0.2,0.2,0.26372365424130023,0.23925796325837495,0.23419588372488404,0.2215395264378562,0.2930428786645882,0.5147310584356006,0.00904414238747522,0.0,0.01152497647695793,0.009096453907800603,0.009694102367865673,0.009417596034696408
