LIMIT_BAL,SEX,EDUCATION,MARRIAGE,AGE,PAY_0,PAY_2,PAY_3,PAY_4,PAY_5,PAY_6,BILL_AMT1,BILL_AMT2,BILL_AMT3,BILL_AMT4,BILL_AMT5,BILL_AMT6,PAY_AMT1,PAY_AMT2,PAY_AMT3,PAY_AMT4,PAY_AMT5,PAY_AMT6
0.05063291139240507,1.0,0.16666666666666666,0.6666666666666666,0.018518518518518545,0.30000000000000004,0.4444444444444444,0.2,0.2,0.2,0.2,0.030989377716593648,0.048326300622652196,0.08478820280635616,0.08518065718583509,0.14266690195847753,0.4067197015236682,0.0,0.0008988804334184676,0.0028911001424523886,0.0005374381946076201,0.005153696102001953,0.0024783147459727386
