LIMIT_BAL,SEX,EDUCATION,MARRIAGE,AGE,PAY_0,PAY_2,PAY_3,PAY_4,PAY_5,PAY_6,BILL_AMT1,BILL_AMT2,BILL_AMT3,BILL_AMT4,BILL_AMT5,BILL_AMT6,PAY_AMT1,PAY_AMT2,PAY_AMT3,PAY_AMT4,PAY_AMT5,PAY_AMT6
0.05063291139240507,1.0,0.3333333333333333,1.0,0.16666666666666674,0.30000000000000004,0.5555555555555556,0.4,0.2,0.2,0.2,0.10646300095595841,0.10905933206401483,0.15861309687887376,0.10585330480693743,0.16570098985957654,0.4420172931599564,0.0,0.0,0.005256545713549798,0.002499712533058698,0.0025768480510009765,0.003965303593556382
