LIMIT_BAL,SEX,EDUCATION,MARRIAGE,AGE,PAY_0,PAY_2,PAY_3,PAY_4,PAY_5,PAY_6,BILL_AMT1,BILL_AMT2,BILL_AMT3,BILL_AMT4,BILL_AMT5,BILL_AMT6,PAY_AMT1,PAY_AMT2,PAY_AMT3,PAY_AMT4,PAY_AMT5,PAY_AMT6
0.05063291139240507,0.0,0.3333333333333333,0.6666666666666666,0.03703703703703709,0.30000000000000004,0.4444444444444444,0.2,0.2,0.2,0.2,0.05417254656961622,0.06508516441105336,0.10625265128194125,0.10348309691183785,0.16342813632546088,0.42052212265980465,0.0,0.0010586089601183947,0.002121016195417343,0.0016948050974137973,0.002311432701747876,0.001982651796778191
