LIMIT_BAL,SEX,EDUCATION,MARRIAGE,AGE,PAY_0,PAY_2,PAY_3,PAY_4,PAY_5,PAY_6,BILL_AMT1,BILL_AMT2,BILL_AMT3,BILL_AMT4,BILL_AMT5,BILL_AMT6,PAY_AMT1,PAY_AMT2,PAY_AMT3,PAY_AMT4,PAY_AMT5,PAY_AMT6
0.10126582278481013,0.0,0.16666666666666666,0.6666666666666666,0.11111111111111116,0.2,0.2222222222222222,0.2,0.4,0.4,0.4,0.11288785775841094,0.11738666186383986,0.18125772688783653,0.1735690356759737,0.24178030934337247,0.477483621415958,0.0056753919060803714,0.006030566824385005,0.008410473141679677,0.006499252585952615,0.006442120127502442,0.006195786864931847
