LIMIT_BAL,SEX,EDUCATION,MARRIAGE,AGE,PAY_0,PAY_2,PAY_3,PAY_4,PAY_5,PAY_6,BILL_AMT1,BILL_AMT2,BILL_AMT3,BILL_AMT4,BILL_AMT5,BILL_AMT6,PAY_AMT1,PAY_AMT2,PAY_AMT3,PAY_AMT4,PAY_AMT5,PAY_AMT6
0.5316455696202532,1.0,0.3333333333333333,0.6666666666666666,0.14814814814814814,0.4,0.2222222222222222,0.2,0.2,0.2,0.2,0.14214897568035514,0.14293212576545053,0.20789186566067885,0.19847869210070537,0.26989604677078327,0.4988100552963964,0.007609079005509184,0.002707235539271214,0.008828368525906885,0.008359038710548286,0.009230269718685498,0.008978934324659233
