LIMIT_BAL,SEX,EDUCATION,MARRIAGE,AGE,PAY_0,PAY_2,PAY_3,PAY_4,PAY_5,PAY_6,BILL_AMT1,BILL_AMT2,BILL_AMT3,BILL_AMT4,BILL_AMT5,BILL_AMT6,PAY_AMT1,PAY_AMT2,PAY_AMT3,PAY_AMT4,PAY_AMT5,PAY_AMT6
0.012658227848101266,0.0,0.3333333333333333,0.3333333333333333,0.2777777777777778,0.30000000000000004,0.4444444444444444,0.2,0.2,0.2,0.2,0.04375118709942752,0.05844053928883858,0.09723045231488894,0.09536116454816226,0.15464227474894038,0.4143280825778268,0.0,0.0009877090528587333,0.001224775151257103,0.0012123605785334685,0.002319163245900879,0.0024783147459727386
