LIMIT_BAL,SEX,EDUCATION,MARRIAGE,AGE,PAY_0,PAY_2,PAY_3,PAY_4,PAY_5,PAY_6,BILL_AMT1,BILL_AMT2,BILL_AMT3,BILL_AMT4,BILL_AMT5,BILL_AMT6,PAY_AMT1,PAY_AMT2,PAY_AMT3,PAY_AMT4,PAY_AMT5,PAY_AMT6
0.13924050632911392,0.0,0.16666666666666666,0.3333333333333333,0.462962962962963,0.2,0.2222222222222222,0.4,0.4,0.4,0.4,0.04707585035561967,0.06519194154273658,0.1057426147870969,0.10360595218832215,0.16409152851442635,0.4209416206449254,0.006486162178377567,0.0009779297553056765,0.0031539274281298787,0.002499712533058698,0.0025768480510009765,0.0
