LIMIT_BAL,SEX,EDUCATION,MARRIAGE,AGE,PAY_0,PAY_2,PAY_3,PAY_4,PAY_5,PAY_6,BILL_AMT1,BILL_AMT2,BILL_AMT3,BILL_AMT4,BILL_AMT5,BILL_AMT6,PAY_AMT1,PAY_AMT2,PAY_AMT3,PAY_AMT4,PAY_AMT5,PAY_AMT6
0.05063291139240507,1.0,0.5,0.6666666666666666,0.11111111111111116,0.4,0.2222222222222222,0.2,0.1,0.1,0.1,0.0459723384249761,0.057367622086142135,0.08339344281236435,0.08050916020927347,0.13584670738522173,0.4176500847784336,0.0025559532834169103,0.0011376582820056035,0.008213352677421558,0.00451198112217095,0.043342584217836426,0.007434944237918216
