LIMIT_BAL,SEX,EDUCATION,MARRIAGE,AGE,PAY_0,PAY_2,PAY_3,PAY_4,PAY_5,PAY_6,BILL_AMT1,BILL_AMT2,BILL_AMT3,BILL_AMT4,BILL_AMT5,BILL_AMT6,PAY_AMT1,PAY_AMT2,PAY_AMT3,PAY_AMT4,PAY_AMT5,PAY_AMT6
0.5189873417721519,0.0,0.3333333333333333,0.6666666666666666,0.09259259259259262,0.30000000000000004,0.4444444444444444,0.4,0.2,0.2,0.2,0.6365144720174176,0.5521934338496371,0.7076913173301818,0.57506157746175,0.6630997081727957,0.7818340967493593,0.028376959530401858,1.2224121941320956e-05,0.03462749488800929,0.02924663663678677,0.030664491806911623,0.03008674101610905
