LIMIT_BAL,SEX,EDUCATION,MARRIAGE,AGE,PAY_0,PAY_2,PAY_3,PAY_4,PAY_5,PAY_6,BILL_AMT1,BILL_AMT2,BILL_AMT3,BILL_AMT4,BILL_AMT5,BILL_AMT6,PAY_AMT1,PAY_AMT2,PAY_AMT3,PAY_AMT4,PAY_AMT5,PAY_AMT6
0.2911392405063291,1.0,0.3333333333333333,0.3333333333333333,0.18518518518518523,0.30000000000000004,0.4444444444444444,0.4,0.4,0.2,0.2,0.03486030292422813,0.05144728039932075,0.09346047382225312,0.08004920203999688,0.1391146492027856,0.40465502149634225,0.0,0.0032597658510189215,0.002628272856774899,0.002999655039670438,0.005153696102001953,0.0
