LIMIT_BAL,SEX,EDUCATION,MARRIAGE,AGE,PAY_0,PAY_2,PAY_3,PAY_4,PAY_5,PAY_6,BILL_AMT1,BILL_AMT2,BILL_AMT3,BILL_AMT4,BILL_AMT5,BILL_AMT6,PAY_AMT1,PAY_AMT2,PAY_AMT3,PAY_AMT4,PAY_AMT5,PAY_AMT6
0.012658227848101266,1.0,0.3333333333333333,0.6666666666666666,0.5185185185185185,0.2,0.2222222222222222,0.2,0.5,0.4,0.4,0.049058404506975045,0.06473653064375033,0.10881273737742206,0.10458280145988026,0.16351800472544387,0.4216329720729176,0.002610680276796971,0.0025369127735554754,0.0,0.0,0.004638326491801758,0.0016431226765799257
