LIMIT_BAL,SEX,EDUCATION,MARRIAGE,AGE,PAY_0,PAY_2,PAY_3,PAY_4,PAY_5,PAY_6,BILL_AMT1,BILL_AMT2,BILL_AMT3,BILL_AMT4,BILL_AMT5,BILL_AMT6,PAY_AMT1,PAY_AMT2,PAY_AMT3,PAY_AMT4,PAY_AMT5,PAY_AMT6
0.05063291139240507,0.0,0.5,1.0,0.6296296296296295,0.4,0.2222222222222222,0.2,0.2,0.2,0.2,0.09791117592303357,0.1051819070653013,0.15737679482502778,0.10420674445503197,0.16424185383803427,0.42109629587966263,0.004864621633783176,0.0017928712180604069,0.0021656968339825167,0.0017497987731410886,0.002319163245900879,0.002111524163568773
