LIMIT_BAL,SEX,EDUCATION,MARRIAGE,AGE,PAY_0,PAY_2,PAY_3,PAY_4,PAY_5,PAY_6,BILL_AMT1,BILL_AMT2,BILL_AMT3,BILL_AMT4,BILL_AMT5,BILL_AMT6,PAY_AMT1,PAY_AMT2,PAY_AMT3,PAY_AMT4,PAY_AMT5,PAY_AMT6
0.025316455696202535,1.0,0.3333333333333333,0.6666666666666666,0.018518518518518545,0.4,0.1111111111111111,0.1,0.1,0.1,0.1,0.02430237796617885,0.04547033396799259,0.08196402014396564,0.07583466676255371,0.1426358565112107,0.3979407101702482,0.004043716733082264,0.0028767433635241983,0.0,0.01489828669702984,0.0,0.004406443618339529
