LIMIT_BAL,SEX,EDUCATION,MARRIAGE,AGE,PAY_0,PAY_2,PAY_3,PAY_4,PAY_5,PAY_6,BILL_AMT1,BILL_AMT2,BILL_AMT3,BILL_AMT4,BILL_AMT5,BILL_AMT6,PAY_AMT1,PAY_AMT2,PAY_AMT3,PAY_AMT4,PAY_AMT5,PAY_AMT6
0.27848101265822783,0.0,0.3333333333333333,0.3333333333333333,0.2407407407407407,0.30000000000000004,0.0,0.1,0.4,0.4,0.2,0.024029246990457682,0.04290382339319714,0.07619185955344572,0.07588410852016325,0.13295131093486012,0.39926833926840954,0.0,2.68930682709061e-05,0.0,0.0,0.0028345328561010744,0.001744733581164808
