LIMIT_BAL,SEX,EDUCATION,MARRIAGE,AGE,PAY_0,PAY_2,PAY_3,PAY_4,PAY_5,PAY_6,BILL_AMT1,BILL_AMT2,BILL_AMT3,BILL_AMT4,BILL_AMT5,BILL_AMT6,PAY_AMT1,PAY_AMT2,PAY_AMT3,PAY_AMT4,PAY_AMT5,PAY_AMT6
0.2151898734177215,1.0,0.16666666666666666,0.3333333333333333,0.14814814814814814,0.30000000000000004,0.4444444444444444,0.2,0.2,0.2,0.2,0.08138204273714911,0.08877296351566923,0.13847573365200988,0.13436322012669075,0.20147024702372202,0.44854880648136103,0.0,0.002444824388264191,0.005256545713549798,0.008748993865705443,0.009018968178503417,0.014622057001239157
