LIMIT_BAL,SEX,EDUCATION,MARRIAGE,AGE,PAY_0,PAY_2,PAY_3,PAY_4,PAY_5,PAY_6,BILL_AMT1,BILL_AMT2,BILL_AMT3,BILL_AMT4,BILL_AMT5,BILL_AMT6,PAY_AMT1,PAY_AMT2,PAY_AMT3,PAY_AMT4,PAY_AMT5,PAY_AMT6
0.1139240506329114,1.0,0.16666666666666666,0.6666666666666666,0.12962962962962965,0.30000000000000004,0.4444444444444444,0.2,0.2,0.2,0.2,0.18433201424676285,0.16665337312818404,0.21205138658950645,0.19864050148924567,0.26717221726584384,0.49032400946331206,0.0006526700691992427,0.0029337892659170293,0.009987436855744616,0.0074991375991760945,0.0077305441530029296,0.007491945477075589
