LIMIT_BAL,SEX,EDUCATION,MARRIAGE,AGE,PAY_0,PAY_2,PAY_3,PAY_4,PAY_5,PAY_6,BILL_AMT1,BILL_AMT2,BILL_AMT3,BILL_AMT4,BILL_AMT5,BILL_AMT6,PAY_AMT1,PAY_AMT2,PAY_AMT3,PAY_AMT4,PAY_AMT5,PAY_AMT6
0.7468354430379747,1.0,0.3333333333333333,0.3333333333333333,0.3148148148148149,0.30000000000000004,0.4444444444444444,0.2,0.2,0.2,0.2,0.7866941262712756,0.6381220089538414,0.8436399769575745,0.6999244889520145,0.8135198020934435,0.8903610377770825,6.688854746451867e-05,0.012458010141131563,0.036977170821966054,0.037528184258810236,0.038660451309167655,0.03717472118959108
