LIMIT_BAL,SEX,EDUCATION,MARRIAGE,AGE,PAY_0,PAY_2,PAY_3,PAY_4,PAY_5,PAY_6,BILL_AMT1,BILL_AMT2,BILL_AMT3,BILL_AMT4,BILL_AMT5,BILL_AMT6,PAY_AMT1,PAY_AMT2,PAY_AMT3,PAY_AMT4,PAY_AMT5,PAY_AMT6
0.08860759493670886,1.0,0.3333333333333333,0.6666666666666666,0.2407407407407407,0.2,0.2222222222222222,0.2,0.4,0.4,0.4,0.06473988983717313,0.07790871198476818,0.12364671142003074,0.12078621384009636,0.18091162504942762,0.43473583930649246,0.00405385136148598,0.0019053331399205597,0.005256545713549798,0.0,0.006442120127502442,0.0
