LIMIT_BAL,SEX,EDUCATION,MARRIAGE,AGE,PAY_0,PAY_2,PAY_3,PAY_4,PAY_5,PAY_6,BILL_AMT1,BILL_AMT2,BILL_AMT3,BILL_AMT4,BILL_AMT5,BILL_AMT6,PAY_AMT1,PAY_AMT2,PAY_AMT3,PAY_AMT4,PAY_AMT5,PAY_AMT6
0.08860759493670886,1.0,0.3333333333333333,0.6666666666666666,0.05555555555555558,0.2,0.2222222222222222,0.4,0.4,0.4,0.4,0.13455467878070565,0.1405135594092523,0.20275518743428533,0.18789066479686928,0.2630202971866289,0.48905496946921784,0.013493244256706083,0.002142481105582186,0.0,0.014998275198352189,0.0,0.007434944237918216
