LIMIT_BAL,SEX,EDUCATION,MARRIAGE,AGE,PAY_0,PAY_2,PAY_3,PAY_4,PAY_5,PAY_6,BILL_AMT1,BILL_AMT2,BILL_AMT3,BILL_AMT4,BILL_AMT5,BILL_AMT6,PAY_AMT1,PAY_AMT2,PAY_AMT3,PAY_AMT4,PAY_AMT5,PAY_AMT6
0.06329113924050633,1.0,0.3333333333333333,0.6666666666666666,0.05555555555555558,0.30000000000000004,0.4444444444444444,0.2,0.2,0.2,0.2,0.11887947232351265,0.11724386353110688,0.1673695486754732,0.1596234635599264,0.22613667186269415,0.4544534163892472,5.6753919060803715e-05,0.0020373536568868257,0.005256545713549798,0.0050744164421091574,0.005411380907102051,0.008674101610904586
