LIMIT_BAL,SEX,EDUCATION,MARRIAGE,AGE,PAY_0,PAY_2,PAY_3,PAY_4,PAY_5,PAY_6,BILL_AMT1,BILL_AMT2,BILL_AMT3,BILL_AMT4,BILL_AMT5,BILL_AMT6,PAY_AMT1,PAY_AMT2,PAY_AMT3,PAY_AMT4,PAY_AMT5,PAY_AMT6
0.012658227848101266,0.0,0.3333333333333333,0.6666666666666666,0.2407407407407407,0.30000000000000004,0.4444444444444444,0.2,0.2,0.2,0.2,0.046787022197385786,0.060873256831163486,0.10211623880271822,0.10155636660014503,0.16162259847125682,0.4193784633484141,0.0,0.0016298829255094608,0.005256545713549798,0.002499712533058698,0.0025768480510009765,0.0024783147459727386
