LIMIT_BAL,SEX,EDUCATION,MARRIAGE,AGE,PAY_0,PAY_2,PAY_3,PAY_4,PAY_5,PAY_6,BILL_AMT1,BILL_AMT2,BILL_AMT3,BILL_AMT4,BILL_AMT5,BILL_AMT6,PAY_AMT1,PAY_AMT2,PAY_AMT3,PAY_AMT4,PAY_AMT5,PAY_AMT6
0.0759493670886076,1.0,0.3333333333333333,0.3333333333333333,0.2962962962962963,0.2,0.2222222222222222,0.2,0.2,0.4,0.4,0.13216085844751727,0.12054623578449031,0.12976219754753326,0.12883772915505534,0.18217631853282484,0.43212979595758616,0.005776738190117521,0.0015638726670263276,0.01354611830381783,0.0029596596391414987,0.0,0.003006195786864932
