LIMIT_BAL,SEX,EDUCATION,MARRIAGE,AGE,PAY_0,PAY_2,PAY_3,PAY_4,PAY_5,PAY_6,BILL_AMT1,BILL_AMT2,BILL_AMT3,BILL_AMT4,BILL_AMT5,BILL_AMT6,PAY_AMT1,PAY_AMT2,PAY_AMT3,PAY_AMT4,PAY_AMT5,PAY_AMT6
0.025316455696202535,0.0,0.3333333333333333,0.6666666666666666,0.09259259259259262,0.30000000000000004,0.1111111111111111,0.1,0.4,0.2,0.2,0.023738849113972532,0.07825348633767304,0.1267151834068127,0.11982434691932903,0.18031849360953978,0.4312298673191149,0.058626798389810234,0.0032597658510189215,0.0,0.002499712533058698,0.002319163245900879,0.001982651796778191
