LIMIT_BAL,SEX,EDUCATION,MARRIAGE,AGE,PAY_0,PAY_2,PAY_3,PAY_4,PAY_5,PAY_6,BILL_AMT1,BILL_AMT2,BILL_AMT3,BILL_AMT4,BILL_AMT5,BILL_AMT6,PAY_AMT1,PAY_AMT2,PAY_AMT3,PAY_AMT4,PAY_AMT5,PAY_AMT6
0.35443037974683544,1.0,0.3333333333333333,0.3333333333333333,0.4444444444444444,0.4,0.4444444444444444,0.0,0.0,0.0,0.0,0.024178370224328435,0.04289610456440077,0.07612748601526148,0.07765801885379023,0.13462122920363526,0.3981469438165645,1.216155408445794e-05,0.0,0.003214377703835701,0.003189633192182899,0.0,0.002949194547707559
