LIMIT_BAL,SEX,EDUCATION,MARRIAGE,AGE,PAY_0,PAY_2,PAY_3,PAY_4,PAY_5,PAY_6,BILL_AMT1,BILL_AMT2,BILL_AMT3,BILL_AMT4,BILL_AMT5,BILL_AMT6,PAY_AMT1,PAY_AMT2,PAY_AMT3,PAY_AMT4,PAY_AMT5,PAY_AMT6
0.1772151898734177,0.0,0.3333333333333333,0.3333333333333333,0.33333333333333337,0.2,0.2222222222222222,0.2,0.4,0.4,0.4,0.14397926716133722,0.14432408789173057,0.22017730783260903,0.2033105002307282,0.2853844570151273,0.5054903849421315,0.008411741575083408,0.008618005968631274,0.0,0.02428970668373137,0.0,0.008178438661710037
