LIMIT_BAL,SEX,EDUCATION,MARRIAGE,AGE,PAY_0,PAY_2,PAY_3,PAY_4,PAY_5,PAY_6,BILL_AMT1,BILL_AMT2,BILL_AMT3,BILL_AMT4,BILL_AMT5,BILL_AMT6,PAY_AMT1,PAY_AMT2,PAY_AMT3,PAY_AMT4,PAY_AMT5,PAY_AMT6
0.012658227848101266,0.0,0.3333333333333333,0.6666666666666666,0.05555555555555558,0.2,0.2222222222222222,0.4,0.4,0.2,0.2,0.051022122039315165,0.06941671383728709,0.11022895521747528,0.10447792500434488,0.16247879922745856,0.42119589735657675,0.00812189120273716,0.0005704590239283112,0.0,0.002499712533058698,0.005153696102001953,0.001982651796778191
