LIMIT_BAL,SEX,EDUCATION,MARRIAGE,AGE,PAY_0,PAY_2,PAY_3,PAY_4,PAY_5,PAY_6,BILL_AMT1,BILL_AMT2,BILL_AMT3,BILL_AMT4,BILL_AMT5,BILL_AMT6,PAY_AMT1,PAY_AMT2,PAY_AMT3,PAY_AMT4,PAY_AMT5,PAY_AMT6
0.012658227848101266,1.0,0.5,0.3333333333333333,0.42592592592592593,0.2,0.2222222222222222,0.2,0.4,0.4,0.4,0.03605485851344542,0.05445762362990789,0.09406294411551584,0.09438281704152508,0.15152465825498443,0.3979407101702482,0.002953230716842536,0.002118847803162299,0.005256545713549798,0.0,0.0,0.0
