LIMIT_BAL,SEX,EDUCATION,MARRIAGE,AGE,PAY_0,PAY_2,PAY_3,PAY_4,PAY_5,PAY_6,BILL_AMT1,BILL_AMT2,BILL_AMT3,BILL_AMT4,BILL_AMT5,BILL_AMT6,PAY_AMT1,PAY_AMT2,PAY_AMT3,PAY_AMT4,PAY_AMT5,PAY_AMT6
0.24050632911392406,1.0,0.5,0.3333333333333333,0.40740740740740744,0.30000000000000004,0.4444444444444444,0.2,0.2,0.2,0.2,0.21150383717626525,0.19215252405701644,0.27350995891647784,0.2609431090175773,0.3444737469894086,0.5540947338941482,0.0,0.0040747073137736515,0.013141364283874494,0.017497987731410886,0.012884240255004883,0.012391573729863693
