LIMIT_BAL,SEX,EDUCATION,MARRIAGE,AGE,PAY_0,PAY_2,PAY_3,PAY_4,PAY_5,PAY_6,BILL_AMT1,BILL_AMT2,BILL_AMT3,BILL_AMT4,BILL_AMT5,BILL_AMT6,PAY_AMT1,PAY_AMT2,PAY_AMT3,PAY_AMT4,PAY_AMT5,PAY_AMT6
0.05063291139240507,0.0,0.3333333333333333,0.3333333333333333,0.7407407407407407,0.4,0.1111111111111111,0.1,0.1,0.1,0.1,0.0246414371084534,0.043405547264961666,0.07678112501836297,0.07641897844339368,0.1335346385492953,0.3983977051819719,0.000790501015489766,0.00031782717047434484,0.0010250264141422106,0.0009748878878928923,0.001004970739890381,0.0009665427509293681
