LIMIT_BAL,SEX,EDUCATION,MARRIAGE,AGE,PAY_0,PAY_2,PAY_3,PAY_4,PAY_5,PAY_6,BILL_AMT1,BILL_AMT2,BILL_AMT3,BILL_AMT4,BILL_AMT5,BILL_AMT6,PAY_AMT1,PAY_AMT2,PAY_AMT3,PAY_AMT4,PAY_AMT5,PAY_AMT6
0.1139240506329114,0.0,0.5,1.0,0.5,0.4,0.1111111111111111,0.2,0.2,0.2,0.2,0.04053326468432181,0.05372047547985386,0.08480305823824483,0.089858147102713,0.1395934026790587,0.3988781358353224,0.02636624925510481,0.0009119194968225433,0.018687020011669532,0.00027496837863645677,0.0002628385012020996,0.0
