LIMIT_BAL,SEX,EDUCATION,MARRIAGE,AGE,PAY_0,PAY_2,PAY_3,PAY_4,PAY_5,PAY_6,BILL_AMT1,BILL_AMT2,BILL_AMT3,BILL_AMT4,BILL_AMT5,BILL_AMT6,PAY_AMT1,PAY_AMT2,PAY_AMT3,PAY_AMT4,PAY_AMT5,PAY_AMT6
0.08860759493670886,0.0,0.5,0.6666666666666666,0.462962962962963,0.4,0.2222222222222222,0.2,0.2,0.2,0.2,0.14512045233001128,0.14357664796994804,0.20723657605403417,0.18158459334903482,0.2118312565563083,0.4519001032340013,0.006080777042228969,0.0024896461687157014,0.008008347394593118,0.004157021942476615,0.0043600269022936525,0.004009913258983891
