LIMIT_BAL,SEX,EDUCATION,MARRIAGE,AGE,PAY_0,PAY_2,PAY_3,PAY_4,PAY_5,PAY_6,BILL_AMT1,BILL_AMT2,BILL_AMT3,BILL_AMT4,BILL_AMT5,BILL_AMT6,PAY_AMT1,PAY_AMT2,PAY_AMT3,PAY_AMT4,PAY_AMT5,PAY_AMT6
0.10126582278481013,0.0,0.3333333333333333,0.6666666666666666,0.11111111111111116,0.2,0.2222222222222222,0.4,0.4,0.4,0.4,0.05581447186044576,0.10044897854165595,0.14828857171624804,0.15519018596093803,0.21784426950062583,0.4636976052289603,0.05067314201857474,0.0,0.02628272856774899,0.0,0.012884240255004883,0.007806691449814127
