LIMIT_BAL,SEX,EDUCATION,MARRIAGE,AGE,PAY_0,PAY_2,PAY_3,PAY_4,PAY_5,PAY_6,BILL_AMT1,BILL_AMT2,BILL_AMT3,BILL_AMT4,BILL_AMT5,BILL_AMT6,PAY_AMT1,PAY_AMT2,PAY_AMT3,PAY_AMT4,PAY_AMT5,PAY_AMT6
0.025316455696202535,1.0,0.16666666666666666,0.6666666666666666,0.03703703703703709,0.2,0.2222222222222222,0.2,0.4,0.4,0.4,0.06965153824540034,0.07811197447640611,0.1264395326151007,0.11749758784152269,0.1838903540161371,0.43377614978187273,0.00405385136148598,0.0040958957918052746,0.0,0.009998850132234793,0.0,0.003717472118959108
