LIMIT_BAL,SEX,EDUCATION,MARRIAGE,AGE,PAY_0,PAY_2,PAY_3,PAY_4,PAY_5,PAY_6,BILL_AMT1,BILL_AMT2,BILL_AMT3,BILL_AMT4,BILL_AMT5,BILL_AMT6,PAY_AMT1,PAY_AMT2,PAY_AMT3,PAY_AMT4,PAY_AMT5,PAY_AMT6
0.05063291139240507,0.0,0.3333333333333333,0.3333333333333333,0.07407407407407407,0.30000000000000004,0.1111111111111111,0.2,0.2,0.2,0.2,0.02401668924444751,0.09079915607471828,0.0934621244257963,0.08124928833833743,0.13658036032326482,0.3996913525997743,0.037763652357922645,0.0008149414627547304,0.0,0.0,0.0,0.0
