LIMIT_BAL,SEX,EDUCATION,MARRIAGE,AGE,PAY_0,PAY_2,PAY_3,PAY_4,PAY_5,PAY_6,BILL_AMT1,BILL_AMT2,BILL_AMT3,BILL_AMT4,BILL_AMT5,BILL_AMT6,PAY_AMT1,PAY_AMT2,PAY_AMT3,PAY_AMT4,PAY_AMT5,PAY_AMT6
0.2911392405063291,0.0,0.16666666666666666,0.6666666666666666,0.462962962962963,0.2,0.2222222222222222,0.2,0.2,0.2,0.2,0.7646442939956708,0.658326043328359,0.7291359585632486,0.6545953866345445,0.7149276314284501,0.8107091507978077,0.032519995621840526,0.012295021848580617,0.03153927428129879,0.037495687995880475,0.030922176612011718,0.029739776951672865
