LIMIT_BAL,SEX,EDUCATION,MARRIAGE,AGE,PAY_0,PAY_2,PAY_3,PAY_4,PAY_5,PAY_6,BILL_AMT1,BILL_AMT2,BILL_AMT3,BILL_AMT4,BILL_AMT5,BILL_AMT6,PAY_AMT1,PAY_AMT2,PAY_AMT3,PAY_AMT4,PAY_AMT5,PAY_AMT6
0.0759493670886076,0.0,0.3333333333333333,0.6666666666666666,0.07407407407407407,0.30000000000000004,0.5555555555555556,0.4,0.2,0.2,0.2,0.04300400121182249,0.05782817887099265,0.09613280095867055,0.0962061691327616,0.15750499178112634,0.4174543971708493,0.0,0.0008149414627547304,0.005256545713549798,0.004999425066117396,0.005153696102001953,0.004956629491945477
