LIMIT_BAL,SEX,EDUCATION,MARRIAGE,AGE,PAY_0,PAY_2,PAY_3,PAY_4,PAY_5,PAY_6,BILL_AMT1,BILL_AMT2,BILL_AMT3,BILL_AMT4,BILL_AMT5,BILL_AMT6,PAY_AMT1,PAY_AMT2,PAY_AMT3,PAY_AMT4,PAY_AMT5,PAY_AMT6
0.2531645569620253,0.0,0.16666666666666666,0.3333333333333333,0.14814814814814814,0.30000000000000004,0.4444444444444444,0.2,0.2,0.2,0.2,0.06616833344582981,0.07285673853753924,0.0957729693862561,0.08796587619783894,0.1458090280160652,0.4072177089082389,0.00013377709492903733,0.0020569122519929393,0.0034456657152318925,0.002499712533058698,0.0007498627828412842,0.0024783147459727386
