LIMIT_BAL,SEX,EDUCATION,MARRIAGE,AGE,PAY_0,PAY_2,PAY_3,PAY_4,PAY_5,PAY_6,BILL_AMT1,BILL_AMT2,BILL_AMT3,BILL_AMT4,BILL_AMT5,BILL_AMT6,PAY_AMT1,PAY_AMT2,PAY_AMT3,PAY_AMT4,PAY_AMT5,PAY_AMT6
0.012658227848101266,1.0,0.16666666666666666,0.6666666666666666,0.16666666666666674,0.30000000000000004,0.4444444444444444,0.4,0.1,0.2,0.1,0.04244204207786744,0.05219343384963722,0.0761373896365206,0.08039079963802641,0.1378662954284762,0.3994944932101087,0.0034700967654319984,0.0,0.007992577757452468,0.0,0.003416900515627295,0.0
