LIMIT_BAL,SEX,EDUCATION,MARRIAGE,AGE,PAY_0,PAY_2,PAY_3,PAY_4,PAY_5,PAY_6,BILL_AMT1,BILL_AMT2,BILL_AMT3,BILL_AMT4,BILL_AMT5,BILL_AMT6,PAY_AMT1,PAY_AMT2,PAY_AMT3,PAY_AMT4,PAY_AMT5,PAY_AMT6
0.06329113924050633,1.0,0.3333333333333333,0.6666666666666666,0.14814814814814814,0.30000000000000004,0.4444444444444444,0.2,0.2,0.2,0.2,0.038227348573204596,0.05307981268975455,0.08731197562388687,0.08614252410660242,0.14110155782786443,0.4037433750370576,0.00202692568074299,0.0008149414627547304,0.002628272856774899,0.004999425066117396,0.005153696102001953,0.007434944237918216
