LIMIT_BAL,SEX,EDUCATION,MARRIAGE,AGE,PAY_0,PAY_2,PAY_3,PAY_4,PAY_5,PAY_6,BILL_AMT1,BILL_AMT2,BILL_AMT3,BILL_AMT4,BILL_AMT5,BILL_AMT6,PAY_AMT1,PAY_AMT2,PAY_AMT3,PAY_AMT4,PAY_AMT5,PAY_AMT6
0.35443037974683544,1.0,0.3333333333333333,0.3333333333333333,0.33333333333333337,0.2,0.2222222222222222,0.2,0.2,0.4,0.4,0.4886689888031997,0.4082938815417074,0.5357017293373322,0.4998861341339902,0.5976477354797175,0.742598145537678,0.024323108168915877,0.009453320967954872,0.03318982963535342,0.019997700264469585,0.04277567764661621,0.009913258983890954
