LIMIT_BAL,SEX,EDUCATION,MARRIAGE,AGE,PAY_0,PAY_2,PAY_3,PAY_4,PAY_5,PAY_6,BILL_AMT1,BILL_AMT2,BILL_AMT3,BILL_AMT4,BILL_AMT5,BILL_AMT6,PAY_AMT1,PAY_AMT2,PAY_AMT3,PAY_AMT4,PAY_AMT5,PAY_AMT6
0.24050632911392406,0.0,0.3333333333333333,0.3333333333333333,0.37037037037037035,0.30000000000000004,0.4444444444444444,0.4,0.4,0.4,0.1,0.04161166112294504,0.04468301343076211,0.07774837869466972,0.07752167946159425,0.13381731551651455,0.39842465616984274,0.00198638716712813,0.0,0.001479717618364268,0.0,0.0010642382450634033,0.006228004956629492
