LIMIT_BAL,SEX,EDUCATION,MARRIAGE,AGE,PAY_0,PAY_2,PAY_3,PAY_4,PAY_5,PAY_6,BILL_AMT1,BILL_AMT2,BILL_AMT3,BILL_AMT4,BILL_AMT5,BILL_AMT6,PAY_AMT1,PAY_AMT2,PAY_AMT3,PAY_AMT4,PAY_AMT5,PAY_AMT6
0.0,0.0,0.5,0.6666666666666666,0.12962962962962965,0.4,0.2222222222222222,0.2,0.1,0.1,0.2,0.03392161140996802,0.05112437606133896,0.0761373896365206,0.07758760180507362,0.14916520426270333,0.4096491567270251,0.00202692568074299,0.0013039063404075685,0.003075079242426632,0.024887137979132397,0.0007266711503822754,0.00022552664188351922
