LIMIT_BAL,SEX,EDUCATION,MARRIAGE,AGE,PAY_0,PAY_2,PAY_3,PAY_4,PAY_5,PAY_6,BILL_AMT1,BILL_AMT2,BILL_AMT3,BILL_AMT4,BILL_AMT5,BILL_AMT6,PAY_AMT1,PAY_AMT2,PAY_AMT3,PAY_AMT4,PAY_AMT5,PAY_AMT6
0.08860759493670886,1.0,0.3333333333333333,0.6666666666666666,0.12962962962962965,0.4,0.4444444444444444,0.1,0.1,0.1,0.1,0.02443737373578816,0.04307106468378532,0.07635196809713472,0.0760294373228337,0.13310980611301199,0.3980930418408227,0.0,0.00010594239015811495,0.00034167547138073685,0.00032496262929763075,0.000334990246630127,0.000322180916976456
