LIMIT_BAL,SEX,EDUCATION,MARRIAGE,AGE,PAY_0,PAY_2,PAY_3,PAY_4,PAY_5,PAY_6,BILL_AMT1,BILL_AMT2,BILL_AMT3,BILL_AMT4,BILL_AMT5,BILL_AMT6,PAY_AMT1,PAY_AMT2,PAY_AMT3,PAY_AMT4,PAY_AMT5,PAY_AMT6
0.025316455696202535,0.0,0.5,0.3333333333333333,0.5,0.2,0.2222222222222222,0.2,0.4,0.4,0.5,0.05487421062793439,0.06968429990222817,0.1155207901769282,0.11234965210981464,0.1750146240396336,0.4273383790269756,0.0030403885211144847,0.0027708009733660834,0.0031539274281298787,0.005249396319423266,0.0,0.0
