LIMIT_BAL,SEX,EDUCATION,MARRIAGE,AGE,PAY_0,PAY_2,PAY_3,PAY_4,PAY_5,PAY_6,BILL_AMT1,BILL_AMT2,BILL_AMT3,BILL_AMT4,BILL_AMT5,BILL_AMT6,PAY_AMT1,PAY_AMT2,PAY_AMT3,PAY_AMT4,PAY_AMT5,PAY_AMT6
0.06329113924050633,1.0,0.3333333333333333,0.6666666666666666,0.11111111111111116,0.2,0.2222222222222222,0.2,0.4,0.4,0.4,0.06785735028419748,0.08143878968764473,0.13088130674981308,0.12606749249384225,0.18631189890295194,0.4385558488916699,0.005067314201857474,0.0030152834121925025,0.0031539274281298787,0.0,0.006442120127502442,0.006195786864931847
