LIMIT_BAL,SEX,EDUCATION,MARRIAGE,AGE,PAY_0,PAY_2,PAY_3,PAY_4,PAY_5,PAY_6,BILL_AMT1,BILL_AMT2,BILL_AMT3,BILL_AMT4,BILL_AMT5,BILL_AMT6,PAY_AMT1,PAY_AMT2,PAY_AMT3,PAY_AMT4,PAY_AMT5,PAY_AMT6
0.13924050632911392,1.0,0.5,0.3333333333333333,0.7407407407407407,0.30000000000000004,0.4444444444444444,0.2,0.2,0.2,0.2,0.2150780856344095,0.1437233057170792,0.17822556817900465,0.16233826552321365,0.22958598445113285,0.46901046518576844,0.00020066564239355598,0.0071714848722416276,0.007096336713292227,0.0074991375991760945,0.006699804932602539,0.005452292441140025
