LIMIT_BAL,SEX,EDUCATION,MARRIAGE,AGE,PAY_0,PAY_2,PAY_3,PAY_4,PAY_5,PAY_6,BILL_AMT1,BILL_AMT2,BILL_AMT3,BILL_AMT4,BILL_AMT5,BILL_AMT6,PAY_AMT1,PAY_AMT2,PAY_AMT3,PAY_AMT4,PAY_AMT5,PAY_AMT6
0.2911392405063291,1.0,0.3333333333333333,0.6666666666666666,0.38888888888888884,0.30000000000000004,0.4444444444444444,0.4,0.2,0.2,0.2,0.31844246276235877,0.28390238254515515,0.34573376755210544,0.3257597550085999,0.41187994888939,0.6024541803911643,0.013580402060978032,0.0,0.0181350827117468,0.014998275198352189,0.015461088306005859,0.014869888475836432
