LIMIT_BAL,SEX,EDUCATION,MARRIAGE,AGE,PAY_0,PAY_2,PAY_3,PAY_4,PAY_5,PAY_6,BILL_AMT1,BILL_AMT2,BILL_AMT3,BILL_AMT4,BILL_AMT5,BILL_AMT6,PAY_AMT1,PAY_AMT2,PAY_AMT3,PAY_AMT4,PAY_AMT5,PAY_AMT6
0.012658227848101266,1.0,0.5,0.3333333333333333,0.2592592592592593,0.2,0.2222222222222222,0.4,0.4,0.2,0.2,0.048816667896279295,0.06634076056193074,0.10687327821417902,0.10283885582783481,0.1630180096273566,0.42117246171494993,0.006080777042228969,0.0008149414627547304,0.0,0.0017497987731410886,0.00438064168670166,0.0
