LIMIT_BAL,SEX,EDUCATION,MARRIAGE,AGE,PAY_0,PAY_2,PAY_3,PAY_4,PAY_5,PAY_6,BILL_AMT1,BILL_AMT2,BILL_AMT3,BILL_AMT4,BILL_AMT5,BILL_AMT6,PAY_AMT1,PAY_AMT2,PAY_AMT3,PAY_AMT4,PAY_AMT5,PAY_AMT6
0.08860759493670886,0.0,0.16666666666666666,0.3333333333333333,0.37037037037037035,0.30000000000000004,0.4444444444444444,0.2,0.2,0.2,0.2,0.18474171071034462,0.16216487418309064,0.22029780189126152,0.14614234431839293,0.26393205295372923,0.3979407101702482,0.0,0.0032597658510189215,0.00246794821251163,0.19997700264469584,0.0,0.0
