LIMIT_BAL,SEX,EDUCATION,MARRIAGE,AGE,PAY_0,PAY_2,PAY_3,PAY_4,PAY_5,PAY_6,BILL_AMT1,BILL_AMT2,BILL_AMT3,BILL_AMT4,BILL_AMT5,BILL_AMT6,PAY_AMT1,PAY_AMT2,PAY_AMT3,PAY_AMT4,PAY_AMT5,PAY_AMT6
0.4430379746835443,1.0,0.3333333333333333,0.6666666666666666,0.462962962962963,0.30000000000000004,0.4444444444444444,0.2,0.2,0.2,0.2,0.5920522025501643,0.4845083106056708,0.5477263761494391,0.48264893954921106,0.5851135446384512,0.7259846191884003,0.0,0.009311521153435549,0.025707136812115287,0.025922018967818698,0.035815611060862576,0.024664188351920694
