LIMIT_BAL,SEX,EDUCATION,MARRIAGE,AGE,PAY_0,PAY_2,PAY_3,PAY_4,PAY_5,PAY_6,BILL_AMT1,BILL_AMT2,BILL_AMT3,BILL_AMT4,BILL_AMT5,BILL_AMT6,PAY_AMT1,PAY_AMT2,PAY_AMT3,PAY_AMT4,PAY_AMT5,PAY_AMT6
0.025316455696202535,1.0,0.16666666666666666,0.3333333333333333,0.16666666666666674,0.2,0.2222222222222222,0.4,0.4,0.2,0.2,0.04788739469152682,0.06571038954355993,0.10771178481411728,0.10359246807261047,0.16354741620180197,0.42053852760894345,0.006283469610303269,0.0016298829255094608,0.0,0.001697304809946856,0.0021568218186878174,0.0017868649318463446
