LIMIT_BAL,SEX,EDUCATION,MARRIAGE,AGE,PAY_0,PAY_2,PAY_3,PAY_4,PAY_5,PAY_6,BILL_AMT1,BILL_AMT2,BILL_AMT3,BILL_AMT4,BILL_AMT5,BILL_AMT6,PAY_AMT1,PAY_AMT2,PAY_AMT3,PAY_AMT4,PAY_AMT5,PAY_AMT6
0.1139240506329114,0.0,0.5,0.3333333333333333,0.6296296296296295,0.4,0.1111111111111111,0.1,0.1,0.0,0.1,0.024712074429760603,0.043463438480934494,0.07660781164632849,0.07560993150069219,0.1319415169132329,0.3991359278932178,0.0008817126711232005,0.00023225831688509816,0.0,0.0,0.005256770024041992,0.0
