LIMIT_BAL,SEX,EDUCATION,MARRIAGE,AGE,PAY_0,PAY_2,PAY_3,PAY_4,PAY_5,PAY_6,BILL_AMT1,BILL_AMT2,BILL_AMT3,BILL_AMT4,BILL_AMT5,BILL_AMT6,PAY_AMT1,PAY_AMT2,PAY_AMT3,PAY_AMT4,PAY_AMT5,PAY_AMT6
0.5443037974683544,1.0,0.3333333333333333,0.6666666666666666,0.33333333333333337,0.2,0.2222222222222222,0.2,0.2,0.2,0.2,0.7014521463542509,1.0,0.7753677132043332,0.653963131431174,0.7279487456005334,0.8387979390696753,0.036837347321823095,0.01657672429389397,0.03418068850235756,0.03852057013443454,0.18553305967207032,0.03593556381660471
