LIMIT_BAL,SEX,EDUCATION,MARRIAGE,AGE,PAY_0,PAY_2,PAY_3,PAY_4,PAY_5,PAY_6,BILL_AMT1,BILL_AMT2,BILL_AMT3,BILL_AMT4,BILL_AMT5,BILL_AMT6,PAY_AMT1,PAY_AMT2,PAY_AMT3,PAY_AMT4,PAY_AMT5,PAY_AMT6
0.12658227848101264,1.0,0.3333333333333333,0.3333333333333333,0.2222222222222222,0.2,0.2222222222222222,0.2,0.4,0.4,0.4,0.1895403394044803,0.17907940101888542,0.2609488659528357,0.23474946513007677,0.31147897242837486,0.5219199415046385,0.010742706107937846,0.008964356090302035,0.0,0.020190178129515103,0.0,0.009781908302354399
