LIMIT_BAL,SEX,EDUCATION,MARRIAGE,AGE,PAY_0,PAY_2,PAY_3,PAY_4,PAY_5,PAY_6,BILL_AMT1,BILL_AMT2,BILL_AMT3,BILL_AMT4,BILL_AMT5,BILL_AMT6,PAY_AMT1,PAY_AMT2,PAY_AMT3,PAY_AMT4,PAY_AMT5,PAY_AMT6
0.1772151898734177,0.0,0.3333333333333333,0.6666666666666666,0.2222222222222222,0.2,0.2222222222222222,0.4,0.4,0.4,0.4,0.1075759311961096,0.11661477898420214,0.1631473048120045,0.16022875053187347,0.2265418966480721,0.46387102897699906,0.010134628403714948,0.0,0.011827227855487045,0.006249281332646745,0.0,0.006195786864931847
