LIMIT_BAL,SEX,EDUCATION,MARRIAGE,AGE,PAY_0,PAY_2,PAY_3,PAY_4,PAY_5,PAY_6,BILL_AMT1,BILL_AMT2,BILL_AMT3,BILL_AMT4,BILL_AMT5,BILL_AMT6,PAY_AMT1,PAY_AMT2,PAY_AMT3,PAY_AMT4,PAY_AMT5,PAY_AMT6
0.2531645569620253,0.0,0.5,0.3333333333333333,0.14814814814814814,0.30000000000000004,0.4444444444444444,0.2,0.2,0.2,0.2,0.3356340170502796,0.2925307466680389,0.4052561819229201,0.3672983225760055,0.4531393483070427,0.6254257963138079,0.0,0.008149414627547303,0.018397909997424293,0.019997700264469585,0.020614784408007812,0.017843866171003718
