LIMIT_BAL,SEX,EDUCATION,MARRIAGE,AGE,PAY_0,PAY_2,PAY_3,PAY_4,PAY_5,PAY_6,BILL_AMT1,BILL_AMT2,BILL_AMT3,BILL_AMT4,BILL_AMT5,BILL_AMT6,PAY_AMT1,PAY_AMT2,PAY_AMT3,PAY_AMT4,PAY_AMT5,PAY_AMT6
0.12658227848101264,1.0,0.16666666666666666,0.6666666666666666,0.20370370370370372,0.2,0.2222222222222222,0.2,0.4,0.4,0.4,0.07245819447867302,0.0840155920341687,0.137293901515089,0.13022509483828051,0.20283134479073736,0.44291487823426495,0.0038633203474961386,0.004889648776528382,0.0,0.019997700264469585,0.0,0.012391573729863693
