LIMIT_BAL,SEX,EDUCATION,MARRIAGE,AGE,PAY_0,PAY_2,PAY_3,PAY_4,PAY_5,PAY_6,BILL_AMT1,BILL_AMT2,BILL_AMT3,BILL_AMT4,BILL_AMT5,BILL_AMT6,PAY_AMT1,PAY_AMT2,PAY_AMT3,PAY_AMT4,PAY_AMT5,PAY_AMT6
0.05063291139240507,1.0,0.5,0.3333333333333333,0.7037037037037037,0.30000000000000004,0.4444444444444444,0.2,0.2,0.2,0.2,0.09463046477787701,0.09948412494210879,0.15040794666569832,0.1443579463392124,0.20928226193860844,0.453970642171734,0.0,0.0016665552913334237,0.004691467049343195,0.004749453812811526,0.005153696102001953,0.005477075588599753
