LIMIT_BAL,SEX,EDUCATION,MARRIAGE,AGE,PAY_0,PAY_2,PAY_3,PAY_4,PAY_5,PAY_6,BILL_AMT1,BILL_AMT2,BILL_AMT3,BILL_AMT4,BILL_AMT5,BILL_AMT6,PAY_AMT1,PAY_AMT2,PAY_AMT3,PAY_AMT4,PAY_AMT5,PAY_AMT6
0.3291139240506329,1.0,0.3333333333333333,0.3333333333333333,0.11111111111111116,0.30000000000000004,0.4444444444444444,0.2,0.2,0.2,0.2,0.42128098427613225,0.36133252714454794,0.4937797005475052,0.4625426247879998,0.5304931650996886,0.6879614624309087,0.0,0.008964356090302035,0.028911001424523887,0.022247441544222413,0.02319163245900879,0.022800495662949196
