LIMIT_BAL,SEX,EDUCATION,MARRIAGE,AGE,PAY_0,PAY_2,PAY_3,PAY_4,PAY_5,PAY_6,BILL_AMT1,BILL_AMT2,BILL_AMT3,BILL_AMT4,BILL_AMT5,BILL_AMT6,PAY_AMT1,PAY_AMT2,PAY_AMT3,PAY_AMT4,PAY_AMT5,PAY_AMT6
0.0759493670886076,0.0,0.16666666666666666,0.6666666666666666,0.4444444444444444,0.30000000000000004,0.4444444444444444,0.2,0.2,0.2,0.2,0.14012246941796416,0.1356545566819328,0.15279967119977422,0.14589064082510803,0.16764378127011828,0.4147897647178759,0.00013580402060978032,0.0024497140370407194,0.012245123239714254,0.002499712533058698,0.0025768480510009765,0.0
