LIMIT_BAL,SEX,EDUCATION,MARRIAGE,AGE,PAY_0,PAY_2,PAY_3,PAY_4,PAY_5,PAY_6,BILL_AMT1,BILL_AMT2,BILL_AMT3,BILL_AMT4,BILL_AMT5,BILL_AMT6,PAY_AMT1,PAY_AMT2,PAY_AMT3,PAY_AMT4,PAY_AMT5,PAY_AMT6
0.06329113924050633,0.0,0.16666666666666666,0.3333333333333333,0.5555555555555556,0.2,0.2222222222222222,0.2,0.5,0.4,0.2,0.07994104138248226,0.0901018885401122,0.1435496889437623,0.13569215464183193,0.19512063607219537,0.4406908358438764,0.0033383465961837042,0.003911719021222706,0.0,0.0,0.003416900515627295,0.008674101610904586
