LIMIT_BAL,SEX,EDUCATION,MARRIAGE,AGE,PAY_0,PAY_2,PAY_3,PAY_4,PAY_5,PAY_6,BILL_AMT1,BILL_AMT2,BILL_AMT3,BILL_AMT4,BILL_AMT5,BILL_AMT6,PAY_AMT1,PAY_AMT2,PAY_AMT3,PAY_AMT4,PAY_AMT5,PAY_AMT6
0.05063291139240507,1.0,0.5,0.6666666666666666,0.7407407407407407,0.30000000000000004,0.4444444444444444,0.2,0.2,0.4,0.2,0.09895346884187757,0.10198502547213503,0.1537834309115128,0.14951786795155309,0.21051100806201248,0.45474753369166426,0.0,0.0017928712180604069,0.009461782284389635,0.0,0.004542983113914722,0.004275092936802974
