LIMIT_BAL,SEX,EDUCATION,MARRIAGE,AGE,PAY_0,PAY_2,PAY_3,PAY_4,PAY_5,PAY_6,BILL_AMT1,BILL_AMT2,BILL_AMT3,BILL_AMT4,BILL_AMT5,BILL_AMT6,PAY_AMT1,PAY_AMT2,PAY_AMT3,PAY_AMT4,PAY_AMT5,PAY_AMT6
0.05063291139240507,0.0,0.5,0.6666666666666666,0.3148148148148149,0.30000000000000004,0.4444444444444444,0.2,0.2,0.2,0.2,0.08495158204053954,0.08663484793907272,0.13451098394127814,0.09894644109239316,0.16093142877684208,0.42353477439093695,0.0,0.001692633418141575,0.005256545713549798,0.004999425066117396,0.012884240255004883,0.0
