LIMIT_BAL,SEX,EDUCATION,MARRIAGE,AGE,PAY_0,PAY_2,PAY_3,PAY_4,PAY_5,PAY_6,BILL_AMT1,BILL_AMT2,BILL_AMT3,BILL_AMT4,BILL_AMT5,BILL_AMT6,PAY_AMT1,PAY_AMT2,PAY_AMT3,PAY_AMT4,PAY_AMT5,PAY_AMT6
0.24050632911392406,0.0,0.16666666666666666,0.3333333333333333,0.40740740740740744,0.4,0.2222222222222222,0.2,0.2,0.0,0.0,0.09195409515945982,0.07062213760098801,0.08339509341590753,0.07583466676255371,0.13289738989487032,0.3979407101702482,0.00405385136148598,0.0016298829255094608,0.0,0.0,0.0,0.0
