LIMIT_BAL,SEX,EDUCATION,MARRIAGE,AGE,PAY_0,PAY_2,PAY_3,PAY_4,PAY_5,PAY_6,BILL_AMT1,BILL_AMT2,BILL_AMT3,BILL_AMT4,BILL_AMT5,BILL_AMT6,PAY_AMT1,PAY_AMT2,PAY_AMT3,PAY_AMT4,PAY_AMT5,PAY_AMT6
0.05063291139240507,1.0,0.3333333333333333,0.6666666666666666,0.2592592592592593,0.30000000000000004,0.4444444444444444,0.2,0.2,0.1,0.2,0.07348635993325559,0.08240492975865796,0.13137813841631193,0.09511695223027274,0.13833034316657028,0.40392031413134033,0.0,0.00282540205137065,0.003230147340976351,0.00831154417242017,0.005153696102001953,0.005370508054522925
