LIMIT_BAL,SEX,EDUCATION,MARRIAGE,AGE,PAY_0,PAY_2,PAY_3,PAY_4,PAY_5,PAY_6,BILL_AMT1,BILL_AMT2,BILL_AMT3,BILL_AMT4,BILL_AMT5,BILL_AMT6,PAY_AMT1,PAY_AMT2,PAY_AMT3,PAY_AMT4,PAY_AMT5,PAY_AMT6
0.12658227848101264,1.0,0.3333333333333333,0.3333333333333333,0.07407407407407407,0.1,0.6666666666666666,0.5,0.4,0.5,0.4,0.17526061247266728,0.16377939587299956,0.22737228867735487,0.21994989901895567,0.2885053414509008,0.5124941264423172,0.0,0.0,0.018397909997424293,0.0037495687995880472,0.010822761814204102,0.008674101610904586
