LIMIT_BAL,SEX,EDUCATION,MARRIAGE,AGE,PAY_0,PAY_2,PAY_3,PAY_4,PAY_5,PAY_6,BILL_AMT1,BILL_AMT2,BILL_AMT3,BILL_AMT4,BILL_AMT5,BILL_AMT6,PAY_AMT1,PAY_AMT2,PAY_AMT3,PAY_AMT4,PAY_AMT5,PAY_AMT6
0.012658227848101266,0.0,0.5,0.6666666666666666,0.018518518518518545,0.30000000000000004,0.4444444444444444,0.2,0.2,0.2,0.2,0.05381779024482895,0.06654145011063656,0.10660422983663978,0.10407939447331044,0.16483498527792212,0.4227414779218679,0.0,0.001369101657427947,0.002628272856774899,0.002499712533058698,0.005411380907102051,0.0
