LIMIT_BAL,SEX,EDUCATION,MARRIAGE,AGE,PAY_0,PAY_2,PAY_3,PAY_4,PAY_5,PAY_6,BILL_AMT1,BILL_AMT2,BILL_AMT3,BILL_AMT4,BILL_AMT5,BILL_AMT6,PAY_AMT1,PAY_AMT2,PAY_AMT3,PAY_AMT4,PAY_AMT5,PAY_AMT6
0.025316455696202535,1.0,0.16666666666666666,0.6666666666666666,0.03703703703703709,0.30000000000000004,0.4444444444444444,0.2,0.2,0.2,0.2,0.040925694247139585,0.05635259609941852,0.09571684886578778,0.09396930415969987,0.15307856458923608,0.40731496682099033,0.0,0.0016298829255094608,0.0006360420313395256,0.0006174289956654985,0.005153696102001953,0.0
