LIMIT_BAL,SEX,EDUCATION,MARRIAGE,AGE,PAY_0,PAY_2,PAY_3,PAY_4,PAY_5,PAY_6,BILL_AMT1,BILL_AMT2,BILL_AMT3,BILL_AMT4,BILL_AMT5,BILL_AMT6,PAY_AMT1,PAY_AMT2,PAY_AMT3,PAY_AMT4,PAY_AMT5,PAY_AMT6
0.27848101265822783,1.0,0.16666666666666666,0.6666666666666666,0.5185185185185185,0.4,0.4444444444444444,0.1,0.1,0.1,0.1,0.024206625152851314,0.04290382339319714,0.07795305353402472,0.07583466676255371,0.13635977425057924,0.3979407101702482,0.0,0.0008964356090302034,0.0,0.005296890857551382,0.0,0.007226765799256506
