LIMIT_BAL,SEX,EDUCATION,MARRIAGE,AGE,PAY_0,PAY_2,PAY_3,PAY_4,PAY_5,PAY_6,BILL_AMT1,BILL_AMT2,BILL_AMT3,BILL_AMT4,BILL_AMT5,BILL_AMT6,PAY_AMT1,PAY_AMT2,PAY_AMT3,PAY_AMT4,PAY_AMT5,PAY_AMT6
0.025316455696202535,0.0,0.3333333333333333,0.3333333333333333,0.2592592592592593,0.30000000000000004,0.1111111111111111,0.1,0.4,0.2,0.2,0.024029246990457682,0.07665054289095868,0.12415839851841826,0.11826318596693094,0.18038712038770863,0.43152164105736923,0.05317031445725011,0.0026893068270906102,0.0,0.002999655039670438,0.0028345328561010744,0.003717472118959108
