LIMIT_BAL,SEX,EDUCATION,MARRIAGE,AGE,PAY_0,PAY_2,PAY_3,PAY_4,PAY_5,PAY_6,BILL_AMT1,BILL_AMT2,BILL_AMT3,BILL_AMT4,BILL_AMT5,BILL_AMT6,PAY_AMT1,PAY_AMT2,PAY_AMT3,PAY_AMT4,PAY_AMT5,PAY_AMT6
0.08860759493670886,1.0,0.3333333333333333,0.3333333333333333,0.2962962962962963,0.30000000000000004,0.4444444444444444,0.2,0.2,0.2,0.2,0.14944973526701694,0.1262864714660629,0.1632991603379776,0.16127601685214815,0.23004676424740933,0.463118744880777,4.2565439295602787e-05,0.0014823785207508545,0.013141364283874494,0.009998850132234793,0.010307392204003906,0.004693928128872367
