LIMIT_BAL,SEX,EDUCATION,MARRIAGE,AGE,PAY_0,PAY_2,PAY_3,PAY_4,PAY_5,PAY_6,BILL_AMT1,BILL_AMT2,BILL_AMT3,BILL_AMT4,BILL_AMT5,BILL_AMT6,PAY_AMT1,PAY_AMT2,PAY_AMT3,PAY_AMT4,PAY_AMT5,PAY_AMT6
0.2151898734177215,1.0,0.3333333333333333,0.6666666666666666,0.14814814814814814,0.30000000000000004,0.4444444444444444,0.2,0.2,0.2,0.4,0.1456729931544587,0.14023568157258273,0.20313812745630438,0.1963212335868347,0.28112306088502403,0.4417372372425155,0.0,0.0025263185345396643,0.013141364283874494,0.02749683786364568,0.0025768480510009765,0.0024783147459727386
