LIMIT_BAL,SEX,EDUCATION,MARRIAGE,AGE,PAY_0,PAY_2,PAY_3,PAY_4,PAY_5,PAY_6,BILL_AMT1,BILL_AMT2,BILL_AMT3,BILL_AMT4,BILL_AMT5,BILL_AMT6,PAY_AMT1,PAY_AMT2,PAY_AMT3,PAY_AMT4,PAY_AMT5,PAY_AMT6
0.025316455696202535,0.0,0.5,0.6666666666666666,0.2592592592592593,0.30000000000000004,0.4444444444444444,0.4,0.2,0.2,0.2,0.06978182486025583,0.08184274172798847,0.12483844717821072,0.12065586738821668,0.1563121930177155,0.43192239052918846,0.0038511587934116805,0.0,0.0034167547138073684,0.002209745879223889,0.002009941479780762,0.0
