LIMIT_BAL,SEX,EDUCATION,MARRIAGE,AGE,PAY_0,PAY_2,PAY_3,PAY_4,PAY_5,PAY_6,BILL_AMT1,BILL_AMT2,BILL_AMT3,BILL_AMT4,BILL_AMT5,BILL_AMT6,PAY_AMT1,PAY_AMT2,PAY_AMT3,PAY_AMT4,PAY_AMT5,PAY_AMT6
0.012658227848101266,0.0,0.5,0.6666666666666666,0.05555555555555558,0.30000000000000004,0.1111111111111111,0.2,0.2,0.2,0.4,0.024029246990457682,0.050025729429321264,0.10730738694603682,0.1028912940556025,0.1625752035110767,0.4178492877322618,0.011221060568593191,0.011409180478566225,0.00036007338137816113,0.001249856266529349,0.0,0.0
