LIMIT_BAL,SEX,EDUCATION,MARRIAGE,AGE,PAY_0,PAY_2,PAY_3,PAY_4,PAY_5,PAY_6,BILL_AMT1,BILL_AMT2,BILL_AMT3,BILL_AMT4,BILL_AMT5,BILL_AMT6,PAY_AMT1,PAY_AMT2,PAY_AMT3,PAY_AMT4,PAY_AMT5,PAY_AMT6
0.0379746835443038,1.0,0.3333333333333333,0.6666666666666666,0.2222222222222222,0.30000000000000004,0.4444444444444444,0.4,0.2,0.2,0.1,0.05789748797988249,0.07280399320743067,0.11089414844537906,0.106917051713082,0.16657843223759244,0.39895664523477237,0.006080777042228969,0.0,0.002628272856774899,0.0026546947101083376,0.004122956881601562,0.003821561338289963
