LIMIT_BAL,SEX,EDUCATION,MARRIAGE,AGE,PAY_0,PAY_2,PAY_3,PAY_4,PAY_5,PAY_6,BILL_AMT1,BILL_AMT2,BILL_AMT3,BILL_AMT4,BILL_AMT5,BILL_AMT6,PAY_AMT1,PAY_AMT2,PAY_AMT3,PAY_AMT4,PAY_AMT5,PAY_AMT6
0.012658227848101266,0.0,0.3333333333333333,0.6666666666666666,0.03703703703703709,0.30000000000000004,0.4444444444444444,0.2,0.2,0.2,0.2,0.05044760515934994,0.0616425667678691,0.09280848542269482,0.08967536242306563,0.14417505710728326,0.4047522794090937,0.00010134628403714949,0.0040747073137736515,0.0031539274281298787,0.001249856266529349,0.0012884240255004883,0.0024783147459727386
