LIMIT_BAL,SEX,EDUCATION,MARRIAGE,AGE,PAY_0,PAY_2,PAY_3,PAY_4,PAY_5,PAY_6,BILL_AMT1,BILL_AMT2,BILL_AMT3,BILL_AMT4,BILL_AMT5,BILL_AMT6,PAY_AMT1,PAY_AMT2,PAY_AMT3,PAY_AMT4,PAY_AMT5,PAY_AMT6
0.012658227848101266,0.0,0.3333333333333333,0.3333333333333333,0.11111111111111116,0.2,0.2222222222222222,0.2,0.5,0.4,0.2,0.03438781773059554,0.054887305099572896,0.10760944739443978,0.10351006514326123,0.16236932317657018,0.41960344550803197,0.006080777042228969,0.008149414627547303,0.0,0.0,0.002319163245900879,0.004956629491945477
