LIMIT_BAL,SEX,EDUCATION,MARRIAGE,AGE,PAY_0,PAY_2,PAY_3,PAY_4,PAY_5,PAY_6,BILL_AMT1,BILL_AMT2,BILL_AMT3,BILL_AMT4,BILL_AMT5,BILL_AMT6,PAY_AMT1,PAY_AMT2,PAY_AMT3,PAY_AMT4,PAY_AMT5,PAY_AMT6
0.0,1.0,0.5,0.3333333333333333,0.5555555555555556,0.2,0.2222222222222222,0.4,0.2,0.2,0.4,0.03096112278807077,0.05156563577419853,0.08683330059636307,0.08706393868023468,0.14717012578308056,0.4078457841038386,0.004864621633783176,0.0,0.0029725766010124106,0.003427105882823475,0.0,0.004446096654275093
