LIMIT_BAL,SEX,EDUCATION,MARRIAGE,AGE,PAY_0,PAY_2,PAY_3,PAY_4,PAY_5,PAY_6,BILL_AMT1,BILL_AMT2,BILL_AMT3,BILL_AMT4,BILL_AMT5,BILL_AMT6,PAY_AMT1,PAY_AMT2,PAY_AMT3,PAY_AMT4,PAY_AMT5,PAY_AMT6
0.012658227848101266,0.0,0.3333333333333333,0.6666666666666666,0.07407407407407407,0.30000000000000004,0.4444444444444444,0.2,0.2,0.2,0.2,0.05607504509015676,0.06640251119230176,0.10736845927713469,0.10474610908349963,0.1638219233144773,0.418701173305398,0.002562034060459139,0.0010178618869806583,0.0016426705354843118,0.0017497987731410886,0.0025768480510009765,0.0024783147459727386
