LIMIT_BAL,SEX,EDUCATION,MARRIAGE,AGE,PAY_0,PAY_2,PAY_3,PAY_4,PAY_5,PAY_6,BILL_AMT1,BILL_AMT2,BILL_AMT3,BILL_AMT4,BILL_AMT5,BILL_AMT6,PAY_AMT1,PAY_AMT2,PAY_AMT3,PAY_AMT4,PAY_AMT5,PAY_AMT6
0.0759493670886076,0.0,0.16666666666666666,0.6666666666666666,0.14814814814814814,0.30000000000000004,0.4444444444444444,0.2,0.2,0.2,0.2,0.1358983576037937,0.12961328667730151,0.1805199071040326,0.11053828589921072,0.20006339807126075,0.4471801650103526,1.0134628403714948e-05,0.0023714796566162654,0.002628272856774899,0.04999425066117396,0.004122956881601562,0.004956629491945477
