LIMIT_BAL,SEX,EDUCATION,MARRIAGE,AGE,PAY_0,PAY_2,PAY_3,PAY_4,PAY_5,PAY_6,BILL_AMT1,BILL_AMT2,BILL_AMT3,BILL_AMT4,BILL_AMT5,BILL_AMT6,PAY_AMT1,PAY_AMT2,PAY_AMT3,PAY_AMT4,PAY_AMT5,PAY_AMT6
0.05063291139240507,1.0,0.16666666666666666,0.3333333333333333,0.4444444444444444,0.30000000000000004,0.4444444444444444,0.1,0.2,0.2,0.2,0.03471117969035738,0.043588226213142595,0.10494537327573827,0.10346811456104708,0.1637059113799538,0.4200709865584877,0.0,0.014223173349458308,0.0033904719852396194,0.0017522984856741474,0.00232174009395188,0.0024783147459727386
