LIMIT_BAL,SEX,EDUCATION,MARRIAGE,AGE,PAY_0,PAY_2,PAY_3,PAY_4,PAY_5,PAY_6,BILL_AMT1,BILL_AMT2,BILL_AMT3,BILL_AMT4,BILL_AMT5,BILL_AMT6,PAY_AMT1,PAY_AMT2,PAY_AMT3,PAY_AMT4,PAY_AMT5,PAY_AMT6
0.025316455696202535,1.0,0.3333333333333333,0.6666666666666666,0.2407407407407407,0.30000000000000004,0.4444444444444444,0.2,0.2,0.2,0.2,0.07061534525168077,0.08005454639016107,0.12030423924507996,0.1169791985041621,0.17867145093348757,0.4328902825283776,0.0,0.0014269625012835328,0.003824137006607478,0.002517210520790109,0.005844291379670215,0.0
