LIMIT_BAL,SEX,EDUCATION,MARRIAGE,AGE,PAY_0,PAY_2,PAY_3,PAY_4,PAY_5,PAY_6,BILL_AMT1,BILL_AMT2,BILL_AMT3,BILL_AMT4,BILL_AMT5,BILL_AMT6,PAY_AMT1,PAY_AMT2,PAY_AMT3,PAY_AMT4,PAY_AMT5,PAY_AMT6
0.025316455696202535,0.0,0.5,0.3333333333333333,0.537037037037037,0.30000000000000004,0.4444444444444444,0.2,0.2,0.4,0.2,0.059065358358828174,0.07078680594864406,0.11409301811207269,0.11225676153491188,0.17175485207661365,0.42768405474097165,0.0,0.0013731763647417206,0.005256545713549798,0.0,0.005153696102001953,0.0024783147459727386
