LIMIT_BAL,SEX,EDUCATION,MARRIAGE,AGE,PAY_0,PAY_2,PAY_3,PAY_4,PAY_5,PAY_6,BILL_AMT1,BILL_AMT2,BILL_AMT3,BILL_AMT4,BILL_AMT5,BILL_AMT6,PAY_AMT1,PAY_AMT2,PAY_AMT3,PAY_AMT4,PAY_AMT5,PAY_AMT6
0.1772151898734177,0.0,0.16666666666666666,0.6666666666666666,0.09259259259259262,0.2,0.2222222222222222,0.4,0.4,0.4,0.4,0.23043149985009193,0.23036072659908405,0.3193241108611364,0.29936984232574027,0.38122502066973196,0.5715179616616338,0.03332468511709549,0.004482178045151017,0.015243982569294413,0.01349844767851697,0.012884240255004883,0.0
