LIMIT_BAL,SEX,EDUCATION,MARRIAGE,AGE,PAY_0,PAY_2,PAY_3,PAY_4,PAY_5,PAY_6,BILL_AMT1,BILL_AMT2,BILL_AMT3,BILL_AMT4,BILL_AMT5,BILL_AMT6,PAY_AMT1,PAY_AMT2,PAY_AMT3,PAY_AMT4,PAY_AMT5,PAY_AMT6
0.05063291139240507,1.0,0.16666666666666666,0.3333333333333333,0.537037037037037,0.30000000000000004,0.4444444444444444,0.2,0.2,0.2,0.2,0.10278986024798409,0.1050082334173828,0.1580832531415112,0.1418334202309679,0.20791626225886675,0.45111969636782706,0.0,0.006336169872918029,0.007884818570324697,0.0074991375991760945,0.012884240255004883,0.007434944237918216
