LIMIT_BAL,SEX,EDUCATION,MARRIAGE,AGE,PAY_0,PAY_2,PAY_3,PAY_4,PAY_5,PAY_6,BILL_AMT1,BILL_AMT2,BILL_AMT3,BILL_AMT4,BILL_AMT5,BILL_AMT6,PAY_AMT1,PAY_AMT2,PAY_AMT3,PAY_AMT4,PAY_AMT5,PAY_AMT6
0.5189873417721519,1.0,0.16666666666666666,0.3333333333333333,0.2222222222222222,0.4,0.1111111111111111,0.2,0.1,0.1,0.2,0.03677065003602503,0.06971002933154943,0.11180693220476068,0.09179686329503844,0.14013097910804798,0.40004991791666517,0.04223505040964168,0.0009111045553597886,0.028012132107506874,0.015850677172125203,0.0,7.434944237918216e-06
