LIMIT_BAL,SEX,EDUCATION,MARRIAGE,AGE,PAY_0,PAY_2,PAY_3,PAY_4,PAY_5,PAY_6,BILL_AMT1,BILL_AMT2,BILL_AMT3,BILL_AMT4,BILL_AMT5,BILL_AMT6,PAY_AMT1,PAY_AMT2,PAY_AMT3,PAY_AMT4,PAY_AMT5,PAY_AMT6
0.012658227848101266,0.0,0.3333333333333333,0.3333333333333333,0.2777777777777778,0.30000000000000004,0.4444444444444444,0.4,0.2,0.2,0.2,0.03276629877703251,0.05130062265218958,0.08649327626646684,0.08552824772418091,0.14493321960895808,0.4073665252325694,0.002432310816891588,0.0,0.0007884818570324697,0.002499712533058698,0.002061478440800781,0.0
