LIMIT_BAL,SEX,EDUCATION,MARRIAGE,AGE,PAY_0,PAY_2,PAY_3,PAY_4,PAY_5,PAY_6,BILL_AMT1,BILL_AMT2,BILL_AMT3,BILL_AMT4,BILL_AMT5,BILL_AMT6,PAY_AMT1,PAY_AMT2,PAY_AMT3,PAY_AMT4,PAY_AMT5,PAY_AMT6
0.05063291139240507,0.0,0.16666666666666666,0.6666666666666666,0.07407407407407407,0.2,0.2222222222222222,0.4,0.4,0.4,0.2,0.09384560565224148,0.1013417897391036,0.1562890470900685,0.14934557091745923,0.211421129858204,0.45529006879532596,0.00405385136148598,0.002554026544273325,0.004310367485110834,0.0,0.005071236964369922,0.003727385377942999
