LIMIT_BAL,SEX,EDUCATION,MARRIAGE,AGE,PAY_0,PAY_2,PAY_3,PAY_4,PAY_5,PAY_6,BILL_AMT1,BILL_AMT2,BILL_AMT3,BILL_AMT4,BILL_AMT5,BILL_AMT6,PAY_AMT1,PAY_AMT2,PAY_AMT3,PAY_AMT4,PAY_AMT5,PAY_AMT6
0.08860759493670886,0.0,0.3333333333333333,0.6666666666666666,0.14814814814814814,0.30000000000000004,0.4444444444444444,0.2,0.2,0.2,0.2,0.14212542990658608,0.14121211341532447,0.2030952117641816,0.1523495322510083,0.21905177400221568,0.462209441985655,0.00609496552199417,0.004148052045421577,0.0052591739864065725,0.0074991375991760945,0.0077305441530029296,0.007434944237918216
