LIMIT_BAL,SEX,EDUCATION,MARRIAGE,AGE,PAY_0,PAY_2,PAY_3,PAY_4,PAY_5,PAY_6,BILL_AMT1,BILL_AMT2,BILL_AMT3,BILL_AMT4,BILL_AMT5,BILL_AMT6,PAY_AMT1,PAY_AMT2,PAY_AMT3,PAY_AMT4,PAY_AMT5,PAY_AMT6
0.27848101265822783,1.0,0.3333333333333333,0.3333333333333333,0.14814814814814814,0.30000000000000004,0.4444444444444444,0.2,0.2,0.2,0.2,0.20174960796286676,0.1904170740492976,0.2674390390846413,0.2450303542427021,0.32201808479001837,0.5373042684505877,0.009729243267566351,0.0037487307286717597,0.011301573284132066,0.01174864890537588,0.013203769413329004,0.010185873605947957
