LIMIT_BAL,SEX,EDUCATION,MARRIAGE,AGE,PAY_0,PAY_2,PAY_3,PAY_4,PAY_5,PAY_6,BILL_AMT1,BILL_AMT2,BILL_AMT3,BILL_AMT4,BILL_AMT5,BILL_AMT6,PAY_AMT1,PAY_AMT2,PAY_AMT3,PAY_AMT4,PAY_AMT5,PAY_AMT6
0.1772151898734177,1.0,0.3333333333333333,0.6666666666666666,0.14814814814814814,0.30000000000000004,0.4444444444444444,0.4,0.4,0.2,0.2,0.03121384742652541,0.04850769309936706,0.08710234897390232,0.08007617027142026,0.1357486691306948,0.40170447421552113,0.0,0.001955859510611353,0.0,0.0037495687995880472,0.0038652720765014648,0.0024783147459727386
