LIMIT_BAL,SEX,EDUCATION,MARRIAGE,AGE,PAY_0,PAY_2,PAY_3,PAY_4,PAY_5,PAY_6,BILL_AMT1,BILL_AMT2,BILL_AMT3,BILL_AMT4,BILL_AMT5,BILL_AMT6,PAY_AMT1,PAY_AMT2,PAY_AMT3,PAY_AMT4,PAY_AMT5,PAY_AMT6
0.0,0.0,0.3333333333333333,0.3333333333333333,0.537037037037037,0.30000000000000004,0.4444444444444444,0.2,0.2,0.2,0.2,0.03999485132413583,0.053388565841609635,0.09007838716226589,0.08792092914546663,0.14634006856141935,0.4077836796535274,4.0538513614859796e-06,0.0010439400137888096,0.0029804614195827355,0.0007349154847192573,0.0007859386555552979,0.0024783147459727386
