LIMIT_BAL,SEX,EDUCATION,MARRIAGE,AGE,PAY_0,PAY_2,PAY_3,PAY_4,PAY_5,PAY_6,BILL_AMT1,BILL_AMT2,BILL_AMT3,BILL_AMT4,BILL_AMT5,BILL_AMT6,PAY_AMT1,PAY_AMT2,PAY_AMT3,PAY_AMT4,PAY_AMT5,PAY_AMT6
0.26582278481012656,0.0,0.3333333333333333,0.6666666666666666,0.16666666666666674,0.30000000000000004,0.4444444444444444,0.4,0.4,0.4,0.4,0.18939592532536337,0.1798255544692019,0.24614295217046112,0.22595482521589566,0.29687780838749944,0.5098119172581236,0.00865091880541108,0.002649374695415628,0.007621991284647207,0.01249856266529349,0.0,0.2609665427509294
