LIMIT_BAL,SEX,EDUCATION,MARRIAGE,AGE,PAY_0,PAY_2,PAY_3,PAY_4,PAY_5,PAY_6,BILL_AMT1,BILL_AMT2,BILL_AMT3,BILL_AMT4,BILL_AMT5,BILL_AMT6,PAY_AMT1,PAY_AMT2,PAY_AMT3,PAY_AMT4,PAY_AMT5,PAY_AMT6
0.34177215189873417,0.0,0.16666666666666666,0.3333333333333333,0.2962962962962963,0.4,0.1111111111111111,0.1,0.1,0.0,0.1,0.02623470113349355,0.044896567694128545,0.07861989736547169,0.07583466676255371,0.13289738989487032,0.401396295528128,0.0031397078794708913,0.0012256719599831145,0.0,0.0,0.00759912490240188,0.007033457249070632
