LIMIT_BAL,SEX,EDUCATION,MARRIAGE,AGE,PAY_0,PAY_2,PAY_3,PAY_4,PAY_5,PAY_6,BILL_AMT1,BILL_AMT2,BILL_AMT3,BILL_AMT4,BILL_AMT5,BILL_AMT6,PAY_AMT1,PAY_AMT2,PAY_AMT3,PAY_AMT4,PAY_AMT5,PAY_AMT6
0.08860759493670886,1.0,0.16666666666666666,0.6666666666666666,0.2222222222222222,0.30000000000000004,0.4444444444444444,0.2,0.2,0.2,0.2,0.15489194844417375,0.14763417897391037,0.2061884428041113,0.19654297237853807,0.2604239174125744,0.49513065956098007,0.0,0.0023413268224943403,0.00815027412885896,0.0074991375991760945,0.01630629446673418,0.0
