LIMIT_BAL,SEX,EDUCATION,MARRIAGE,AGE,PAY_0,PAY_2,PAY_3,PAY_4,PAY_5,PAY_6,BILL_AMT1,BILL_AMT2,BILL_AMT3,BILL_AMT4,BILL_AMT5,BILL_AMT6,PAY_AMT1,PAY_AMT2,PAY_AMT3,PAY_AMT4,PAY_AMT5,PAY_AMT6
0.24050632911392406,0.0,0.3333333333333333,0.3333333333333333,0.3148148148148149,0.30000000000000004,0.4444444444444444,0.4,0.4,0.2,0.2,0.31516646077195604,0.2872317706993259,0.39591046466140345,0.3592048566788323,0.4455332137266628,0.6355546806249348,0.018242331126686908,0.006764014140864262,0.0,0.016998045224799148,0.03736429673951416,0.0
