LIMIT_BAL,SEX,EDUCATION,MARRIAGE,AGE,PAY_0,PAY_2,PAY_3,PAY_4,PAY_5,PAY_6,BILL_AMT1,BILL_AMT2,BILL_AMT3,BILL_AMT4,BILL_AMT5,BILL_AMT6,PAY_AMT1,PAY_AMT2,PAY_AMT3,PAY_AMT4,PAY_AMT5,PAY_AMT6
0.05063291139240507,1.0,0.3333333333333333,0.6666666666666666,0.018518518518518545,0.30000000000000004,0.4444444444444444,0.2,0.2,0.2,0.2,0.10533751296979704,0.10786677301497455,0.12719881024496607,0.09682494022042035,0.1641225739616932,0.42079046075643217,0.0,0.0013552476525611167,0.004058053290860444,0.01374841893182284,0.001004970739890381,0.0
