LIMIT_BAL,SEX,EDUCATION,MARRIAGE,AGE,PAY_0,PAY_2,PAY_3,PAY_4,PAY_5,PAY_6,BILL_AMT1,BILL_AMT2,BILL_AMT3,BILL_AMT4,BILL_AMT5,BILL_AMT6,PAY_AMT1,PAY_AMT2,PAY_AMT3,PAY_AMT4,PAY_AMT5,PAY_AMT6
0.025316455696202535,0.0,0.5,0.6666666666666666,0.03703703703703709,0.30000000000000004,0.4444444444444444,0.2,0.2,0.2,0.2,0.07173455436483706,0.0803967478001338,0.12634709881668232,0.12092704793752959,0.1751959948105084,0.42806371213532673,0.0,0.001656775993780367,0.0037321474566203564,0.0,0.00023707002069208984,0.0
