LIMIT_BAL,SEX,EDUCATION,MARRIAGE,AGE,PAY_0,PAY_2,PAY_3,PAY_4,PAY_5,PAY_6,BILL_AMT1,BILL_AMT2,BILL_AMT3,BILL_AMT4,BILL_AMT5,BILL_AMT6,PAY_AMT1,PAY_AMT2,PAY_AMT3,PAY_AMT4,PAY_AMT5,PAY_AMT6
0.06329113924050633,0.0,0.3333333333333333,0.6666666666666666,0.38888888888888884,0.30000000000000004,0.4444444444444444,0.2,0.2,0.2,0.2,0.11909138428743424,0.1155521535532342,0.13565320159316255,0.1283882586313323,0.24605150929892844,0.4816973497804666,0.004185601530734274,0.001620103627956404,0.006570682141937247,0.15680946691130518,0.009276652983603516,0.003965303593556382
