LIMIT_BAL,SEX,EDUCATION,MARRIAGE,AGE,PAY_0,PAY_2,PAY_3,PAY_4,PAY_5,PAY_6,BILL_AMT1,BILL_AMT2,BILL_AMT3,BILL_AMT4,BILL_AMT5,BILL_AMT6,PAY_AMT1,PAY_AMT2,PAY_AMT3,PAY_AMT4,PAY_AMT5,PAY_AMT6
0.012658227848101266,1.0,0.3333333333333333,0.3333333333333333,0.537037037037037,0.30000000000000004,0.1111111111111111,0.1,0.1,0.4,0.1,0.024029246990457682,0.043405547264961666,0.07643614887783719,0.07716959421801119,0.13371600932017008,0.3991722531377394,0.001581002030979532,0.0001475044047586062,0.0028911001424523886,0.0,0.0028345328561010744,0.009987608426270137
