LIMIT_BAL,SEX,EDUCATION,MARRIAGE,AGE,PAY_0,PAY_2,PAY_3,PAY_4,PAY_5,PAY_6,BILL_AMT1,BILL_AMT2,BILL_AMT3,BILL_AMT4,BILL_AMT5,BILL_AMT6,PAY_AMT1,PAY_AMT2,PAY_AMT3,PAY_AMT4,PAY_AMT5,PAY_AMT6
0.08860759493670886,0.0,0.5,0.6666666666666666,0.42592592592592593,0.4,0.2222222222222222,0.2,0.2,0.0,0.0,0.1479585029283094,0.14554880872742243,0.1922061801897864,0.07583466676255371,0.13289738989487032,0.3979407101702482,0.005705795791291516,0.001514161237798289,0.0,0.0,0.0,0.0
