LIMIT_BAL,SEX,EDUCATION,MARRIAGE,AGE,PAY_0,PAY_2,PAY_3,PAY_4,PAY_5,PAY_6,BILL_AMT1,BILL_AMT2,BILL_AMT3,BILL_AMT4,BILL_AMT5,BILL_AMT6,PAY_AMT1,PAY_AMT2,PAY_AMT3,PAY_AMT4,PAY_AMT5,PAY_AMT6
0.06329113924050633,1.0,0.16666666666666666,0.6666666666666666,0.18518518518518523,0.2,0.1111111111111111,0.4,0.4,0.4,0.4,0.029695929877546278,0.04400375649668091,0.0763206066298142,0.07645044138005429,0.13332385630206242,0.40578579120483804,0.0018242331126686908,0.0,0.0007884818570324697,0.0,0.016749512331506348,0.0
