LIMIT_BAL,SEX,EDUCATION,MARRIAGE,AGE,PAY_0,PAY_2,PAY_3,PAY_4,PAY_5,PAY_6,BILL_AMT1,BILL_AMT2,BILL_AMT3,BILL_AMT4,BILL_AMT5,BILL_AMT6,PAY_AMT1,PAY_AMT2,PAY_AMT3,PAY_AMT4,PAY_AMT5,PAY_AMT6
0.025316455696202535,1.0,0.16666666666666666,0.6666666666666666,0.03703703703703709,0.2,0.2222222222222222,0.4,0.2,0.2,0.4,0.04433512228890037,0.06336386558946124,0.10149726247402363,0.10100201962088659,0.16427453325620991,0.4199198266699945,0.006486162178377567,0.0,0.005256545713549798,0.0074991375991760945,0.0,0.004956629491945477
