LIMIT_BAL,SEX,EDUCATION,MARRIAGE,AGE,PAY_0,PAY_2,PAY_3,PAY_4,PAY_5,PAY_6,BILL_AMT1,BILL_AMT2,BILL_AMT3,BILL_AMT4,BILL_AMT5,BILL_AMT6,PAY_AMT1,PAY_AMT2,PAY_AMT3,PAY_AMT4,PAY_AMT5,PAY_AMT6
0.05063291139240507,0.0,0.3333333333333333,0.3333333333333333,0.35185185185185186,0.30000000000000004,0.4444444444444444,0.2,0.2,0.2,0.2,0.10100666031454014,0.10458884371944631,0.15740485508526192,0.1501126672779466,0.16077783551141656,0.4186039153926466,0.0,0.0016771495303492352,0.0036795819994848585,0.001904780950190728,0.0025768480510009765,0.0016109045848822802
