LIMIT_BAL,SEX,EDUCATION,MARRIAGE,AGE,PAY_0,PAY_2,PAY_3,PAY_4,PAY_5,PAY_6,BILL_AMT1,BILL_AMT2,BILL_AMT3,BILL_AMT4,BILL_AMT5,BILL_AMT6,PAY_AMT1,PAY_AMT2,PAY_AMT3,PAY_AMT4,PAY_AMT5,PAY_AMT6
0.025316455696202535,1.0,0.3333333333333333,0.6666666666666666,0.11111111111111116,0.2,0.2222222222222222,0.4,0.4,0.4,0.2,0.05204086918439009,0.06942443266608347,0.10908673756559087,0.10308906108604064,0.15272399290203037,0.4060013991078051,0.006859116503634278,0.0,0.0038109956423236033,0.0,0.0012884240255004883,0.005990086741016109
