LIMIT_BAL,SEX,EDUCATION,MARRIAGE,AGE,PAY_0,PAY_2,PAY_3,PAY_4,PAY_5,PAY_6,BILL_AMT1,BILL_AMT2,BILL_AMT3,BILL_AMT4,BILL_AMT5,BILL_AMT6,PAY_AMT1,PAY_AMT2,PAY_AMT3,PAY_AMT4,PAY_AMT5,PAY_AMT6
0.05063291139240507,0.0,0.3333333333333333,0.3333333333333333,0.2407407407407407,0.30000000000000004,0.4444444444444444,0.2,0.2,0.2,0.2,0.10152937649221341,0.10390830031389905,0.15535315488108226,0.1496646949893026,0.1787890968389199,0.4333238418984744,0.0,0.0020373536568868257,0.009198954998712146,0.002499712533058698,0.008753552829250317,0.0
