LIMIT_BAL,SEX,EDUCATION,MARRIAGE,AGE,PAY_0,PAY_2,PAY_3,PAY_4,PAY_5,PAY_6,BILL_AMT1,BILL_AMT2,BILL_AMT3,BILL_AMT4,BILL_AMT5,BILL_AMT6,PAY_AMT1,PAY_AMT2,PAY_AMT3,PAY_AMT4,PAY_AMT5,PAY_AMT6
0.06329113924050633,1.0,0.5,0.3333333333333333,0.6851851851851851,0.30000000000000004,0.4444444444444444,0.2,0.2,0.2,0.2,0.06524847855058495,0.07576545052230742,0.12000713060730657,0.11752755254310422,0.17909138145704456,0.43176771529445124,0.0,0.001426147559820778,0.005256545713549798,0.002999655039670438,0.003092217661201172,0.0028029739776951673
