LIMIT_BAL,SEX,EDUCATION,MARRIAGE,AGE,PAY_0,PAY_2,PAY_3,PAY_4,PAY_5,PAY_6,BILL_AMT1,BILL_AMT2,BILL_AMT3,BILL_AMT4,BILL_AMT5,BILL_AMT6,PAY_AMT1,PAY_AMT2,PAY_AMT3,PAY_AMT4,PAY_AMT5,PAY_AMT6
0.025316455696202535,1.0,0.5,0.6666666666666666,0.018518518518518545,0.30000000000000004,0.4444444444444444,0.4,0.2,0.2,0.2,0.0695667734598317,0.08054083260433284,0.12255566247798508,0.12053600858189054,0.13556076247618487,0.3979407101702482,0.00202692568074299,6.927002433415208e-05,0.004504859676512177,0.0002599701034381046,0.0,0.0
