LIMIT_BAL,SEX,EDUCATION,MARRIAGE,AGE,PAY_0,PAY_2,PAY_3,PAY_4,PAY_5,PAY_6,BILL_AMT1,BILL_AMT2,BILL_AMT3,BILL_AMT4,BILL_AMT5,BILL_AMT6,PAY_AMT1,PAY_AMT2,PAY_AMT3,PAY_AMT4,PAY_AMT5,PAY_AMT6
0.05063291139240507,1.0,0.3333333333333333,0.3333333333333333,0.12962962962962965,0.2,0.2222222222222222,0.2,0.4,0.4,0.4,0.09254430922193775,0.10197730664333865,0.15996163997365637,0.14061535511167844,0.18232174194370643,0.43010261295686314,0.006080777042228969,0.004889648776528382,0.0,0.008748993865705443,0.0,0.0027261462205700124
