LIMIT_BAL,SEX,EDUCATION,MARRIAGE,AGE,PAY_0,PAY_2,PAY_3,PAY_4,PAY_5,PAY_6,BILL_AMT1,BILL_AMT2,BILL_AMT3,BILL_AMT4,BILL_AMT5,BILL_AMT6,PAY_AMT1,PAY_AMT2,PAY_AMT3,PAY_AMT4,PAY_AMT5,PAY_AMT6
0.4936708860759494,1.0,0.16666666666666666,0.6666666666666666,0.20370370370370372,0.30000000000000004,0.4444444444444444,0.4,0.4,0.4,0.4,0.0709073128464172,0.08034528894149129,0.12793167821814047,0.11773880368925406,0.14844135515011292,0.39951792885173554,0.0,0.002444824388264191,0.0,0.002499712533058698,0.0,0.024845105328376704
