LIMIT_BAL,SEX,EDUCATION,MARRIAGE,AGE,PAY_0,PAY_2,PAY_3,PAY_4,PAY_5,PAY_6,BILL_AMT1,BILL_AMT2,BILL_AMT3,BILL_AMT4,BILL_AMT5,BILL_AMT6,PAY_AMT1,PAY_AMT2,PAY_AMT3,PAY_AMT4,PAY_AMT5,PAY_AMT6
0.08860759493670886,1.0,0.3333333333333333,0.6666666666666666,0.2777777777777778,0.4,0.2222222222222222,0.2,0.0,0.0,0.0,0.05490717471121108,0.06946945916739566,0.0761373896365206,0.07583466676255371,0.13289738989487032,0.3979407101702482,0.0034457736572630826,0.0,0.0,0.0,0.0,0.0
