LIMIT_BAL,SEX,EDUCATION,MARRIAGE,AGE,PAY_0,PAY_2,PAY_3,PAY_4,PAY_5,PAY_6,BILL_AMT1,BILL_AMT2,BILL_AMT3,BILL_AMT4,BILL_AMT5,BILL_AMT6,PAY_AMT1,PAY_AMT2,PAY_AMT3,PAY_AMT4,PAY_AMT5,PAY_AMT6
0.430379746835443,0.0,0.5,0.3333333333333333,0.18518518518518523,0.30000000000000004,0.4444444444444444,0.4,0.2,0.2,0.2,0.3778971112475022,0.31900632943961305,0.3574844141760435,0.3109407118414508,0.3666565360470322,0.660873376056508,0.02229618248817289,0.0,0.014455500712261943,0.01249856266529349,0.25768480510009767,0.0
