LIMIT_BAL,SEX,EDUCATION,MARRIAGE,AGE,PAY_0,PAY_2,PAY_3,PAY_4,PAY_5,PAY_6,BILL_AMT1,BILL_AMT2,BILL_AMT3,BILL_AMT4,BILL_AMT5,BILL_AMT6,PAY_AMT1,PAY_AMT2,PAY_AMT3,PAY_AMT4,PAY_AMT5,PAY_AMT6
0.36708860759493667,1.0,0.16666666666666666,0.6666666666666666,0.2407407407407407,0.4,0.4444444444444444,0.4,0.4,0.0,0.0,0.02795354261863538,0.04612000205835435,0.08026389849448451,0.07583466676255371,0.13289738989487032,0.3979407101702482,0.0,0.0,0.0,0.0,0.0,0.0
