LIMIT_BAL,SEX,EDUCATION,MARRIAGE,AGE,PAY_0,PAY_2,PAY_3,PAY_4,PAY_5,PAY_6,BILL_AMT1,BILL_AMT2,BILL_AMT3,BILL_AMT4,BILL_AMT5,BILL_AMT6,PAY_AMT1,PAY_AMT2,PAY_AMT3,PAY_AMT4,PAY_AMT5,PAY_AMT6
0.10126582278481013,1.0,0.16666666666666666,0.6666666666666666,0.20370370370370372,0.30000000000000004,0.4444444444444444,0.4,0.2,0.2,0.2,0.07461498735591948,0.08568543199711831,0.12965986012785574,0.12492134265834846,0.18780208037176108,0.43800745487760145,0.003727516326886358,0.0,0.003090848879567281,0.0034171070326912403,0.0033499024663012694,0.010748451053283767
