LIMIT_BAL,SEX,EDUCATION,MARRIAGE,AGE,PAY_0,PAY_2,PAY_3,PAY_4,PAY_5,PAY_6,BILL_AMT1,BILL_AMT2,BILL_AMT3,BILL_AMT4,BILL_AMT5,BILL_AMT6,PAY_AMT1,PAY_AMT2,PAY_AMT3,PAY_AMT4,PAY_AMT5,PAY_AMT6
0.012658227848101266,0.0,0.3333333333333333,0.6666666666666666,0.07407407407407407,0.30000000000000004,0.4444444444444444,0.4,0.2,0.2,0.2,0.03372068747380533,0.05260767766170947,0.08811251834233189,0.08165830651492542,0.1425165766348696,0.3979407101702482,0.00405385136148598,2.281836095713245e-05,0.0,0.004999425066117396,0.0,0.0
