LIMIT_BAL,SEX,EDUCATION,MARRIAGE,AGE,PAY_0,PAY_2,PAY_3,PAY_4,PAY_5,PAY_6,BILL_AMT1,BILL_AMT2,BILL_AMT3,BILL_AMT4,BILL_AMT5,BILL_AMT6,PAY_AMT1,PAY_AMT2,PAY_AMT3,PAY_AMT4,PAY_AMT5,PAY_AMT6
0.025316455696202535,1.0,0.5,1.0,0.09259259259259262,0.30000000000000004,0.4444444444444444,0.2,0.2,0.2,0.2,0.07221645786797727,0.08025523593886688,0.12287753016890626,0.1175934748865836,0.1793936660751692,0.4310201183265545,0.0,0.0011751455892923212,0.0025914770367800504,0.0025522064962529307,0.002615500771765991,0.0028327137546468404
